Specified Values,Specified Attribute Names,phenotype,Fitness,Accuracy,Numerosity,Avg Match Set Size,TimeStamp GA,Iteration Initialized,Specificity,Deletion Probability,Correct Count,Match Count
"[8.79,21.21], [73.38332,199.69868], [-703.3900000000001,793.3900000000001], [2.5,19.5], [-45.85818999999999,45.85818999999999], [-151.25,159.25], [-16.800000000000004,50.800000000000004], [-185.5,201.5], [20.8676386036961,32.0276386036961]","N3, N5, N6, N7, N10, N11, N12, N14, N17",0.0,0.27277020184727285,0.7711864406779662,1,104.39137122633181,4778,2,0.5,0.0007136144000276581,91,118
"[60.0,118.0], [1945.43,1990.57], [14.799749999999996,77.57565], [-161.45171,12.23191], [-243.97000000000003,671.97], [2.0,20.0], [-41.0657,41.0657], [-40.04518,40.04518], [-91.11262726472728,133.13737273527272], [-3.857509789594407,6.7824902104055935], [-79.01252936878322,161.7874706312168], [-0.6750000000000003,6.675000000000001]","N1, N2, N4, N5, N6, N7, N9, N10, N11, N13, N14, N16",1.0,0.1364392488076379,0.6714100905562742,1,149.17068296831764,4921,3,0.6666666666666666,0.0010029254396620258,519,773
"[-7.050000000000001,15.05], [1985.24,2020.76], [67.08130244391795,116.32450244391795], [-142.28574152129715,219.96425847870285], [-10.611490510847474,18.50850948915253], [-4.820745255423736,6.769254744576264], [-3.625745255423737,7.574254744576264]","N0, N2, N8, N11, N12, N13, N15",1.0,0.15925955317844526,0.6925021061499579,1,115.82279561335037,4966,31,0.3888888888888889,0.0007917590681125055,822,1187
"[12.07,21.93], [-47.0,79.0], [-53.7173,-15.671299999999995], [-215.06999999999994,1371.07], [3.625,18.375], [-27.77327,27.77327], [-153.25,157.25], [-17.92,55.92], [-224.10000000000002,266.1], [13.060848733744011,39.92751540041068]","N0, N1, N4, N6, N7, N10, N11, N12, N14, N17",0.0,0.8532151877880096,0.96875,1,128.78802696788395,4981,33,0.5555555555555556,0.0008803887669620929,62,64
"[-6.050000000000001,10.05], [-53.18925,5.782050000000002], [1.75,20.25], [-52.3209,52.3209], [-39.39929,39.39929], [-19.04,35.04], [-281.8,285.8], [1.9000000000000004,12.1], [17.234004106776183,37.07400410677618]","N3, N4, N7, N8, N10, N12, N14, N15, N17",0.0,0.09928919144445662,0.630057803468208,1,92.4271997505986,4965,40,0.5,0.000631827898430965,109,173
"[13.0,143.0], [1946.35,1979.65], [-243.97000000000003,671.97], [2.0,20.0], [-41.0657,41.0657], [-91.11262726472728,205.25000000000003], [-2.0,24.0], [-79.01252936878322,161.7874706312168], [-0.6750000000000003,6.675000000000001]","N1, N2, N6, N7, N9, N11, N12, N14, N16",1.0,0.10639515918139618,0.6388286334056399,1,119.74784157378838,4934,41,0.5,0.0006779111199767597,589,922
"[10.649999999999999,29.35], [-12.0,112.0], [37.335775,66.821425], [-383.15999999999997,689.16], [16.875,23.125], [-17.88345,17.88345], [-6.935,6.935], [-107.5,107.5], [-5.565,5.565], [23.52476386036961,35.09809719370294]","N0, N1, N4, N6, N7, N9, N13, N14, N16, N17",0.0,1.0,1.0,2,192.78370844941304,4915,42,0.5555555555555556,0.0026357203440112147,93,93
"[-1.3500000000000014,17.35], [-22.999999999999996,35.0], [2012.27,2033.73], [64.70511499999999,225.230885], [3.0,13.0], [21.79397500000001,134.130025], [36.03294999999999,119.48904999999999], [-165.75,167.75], [-9.560000000000002,45.56], [-5.89,5.89], [3.5999999999999996,16.4], [-7.56,7.56], [11.938658453114309,42.11199178644764]","N0, N1, N2, N5, N7, N8, N9, N11, N12, N13, N15, N16, N17",0.0,1.0,1.0,1,87.14399999999999,4935,47,0.7222222222222222,0.0005957121986757087,7,7
"[4.54,17.46], [44.0,104.0], [1965.68,1992.32], [16.362775,64.871425], [-86.48003499999999,79.308875], [307.40999999999997,910.59], [2.25,19.75], [-41.54895,41.54895], [-25.83165,25.83165], [6.1000000000000005,17.9], [-3.5700000000000003,3.5700000000000003]","N0, N1, N2, N4, N5, N6, N7, N8, N9, N15, N16",0.0,0.5904900000000001,0.9,1,178.7004799414504,4772,52,0.6111111111111112,0.0012215878983099905,27,30
"[-27.0,43.0], [-202.18000000000006,1004.1800000000001], [59.75,232.25], [0.9050000000000002,9.094999999999999]","N1, N6, N11, N16",0.0,0.3109652044351208,0.7916666666666666,1,81.64039659316862,4847,54,0.2222222222222222,0.0005580898301119219,19,24
"[-2.75,22.75], [1992.47,2043.53], [16.55,23.45], [5.375,16.625], [-38.10751,38.10751], [-28.375,138.375], [-26.36,44.36], [-3.255,3.255]","N0, N2, N3, N7, N10, N11, N12, N16",0.0,0.6318913929089809,0.9122807017543859,2,123.63169082342941,4945,64,0.4444444444444444,0.0016902806014509452,52,57
"[12.07,21.93], [-47.0,79.0], [-4.095000000000001,8.095], [-660.3900000000001,836.3900000000001], [3.5,18.5], [-27.77327,27.77327], [-229.8,266.1], [-3.0,7.0], [13.060848733744011,32.46577686516085]","N0, N1, N3, N6, N7, N10, N14, N15, N17",0.0,0.5821262541771084,0.8974358974358975,1,126.16516087329461,4981,66,0.5,0.000862458980309658,105,117
"[-7.050000000000001,15.05], [38.0,102.0], [-110.28242212715136,149.989353308666], [-6.935,6.935]","N0, N1, N11, N13",1.0,0.15332530035543193,0.6872626855367622,1,149.59719078227997,4992,94,0.2222222222222222,0.0009529369224585535,1991,2897
"[-4.395,12.395], [-183.60279,11.133389999999991], [-514.22,960.22], [7.0,15.0], [-33.1175,33.1175], [23.28,60.72], [-5.32,5.32], [-239.39999999999998,259.4], [3.0,9.0], [31.116892539356606,57.1568925393566]","N3, N5, N6, N7, N9, N12, N13, N14, N15, N17",0.0,1.0,1.0,2,126.31800720447761,4933,104,0.5555555555555556,0.00172700766097754,71,71
"[30.418599999999994,57.050799999999995], [-61.00025999999999,75.84137999999999], [5.25,16.75], [-197.25000000000003,205.25000000000003], [-12.079999999999998,18.08], [30.338558827065004,44.391892160398335]","N4, N5, N7, N11, N12, N17",1.0,0.08575294377757824,0.6118568232662193,1,159.81988163881346,4992,106,0.3333333333333333,0.001081959287029451,547,894
"[-7.050000000000001,15.05], [13.0,143.0], [-46.504079999999995,46.504079999999995], [-2.0,24.0], [-6.935,6.935]","N0, N1, N10, N12, N13",1.0,0.10350694635051491,0.6353220071118135,1,141.90631254970572,4992,106,0.2777777777777778,0.0008502524024920963,1608,2531
"[-3.4400000000000004,7.44], [42.0,100.0], [1995.1,2046.9], [16.55,23.45], [44.30553555256579,101.14385555256578], [30.064155428564792,45.357488761898125]","N0, N1, N2, N3, N10, N17",1.0,0.7980355158840382,0.9558823529411765,1,145.7623519228795,4816,108,0.3333333333333333,0.000996424437116967,65,68
"[12.07,21.93], [-30.0,79.0], [5.320349999999998,68.09625], [-660.3900000000001,1426.39], [3.5,18.5], [-17.88345,17.88345], [-115.5,137.5], [-6.930000000000001,6.930000000000001]","N0, N1, N4, N6, N7, N9, N11, N16",0.0,0.8126751722940738,0.9593639575971732,1,184.253669292775,4969,134,0.4444444444444444,0.0011699482853706393,543,566
"[-6.199999999999999,14.2], [30.418599999999994,57.050799999999995], [-61.00025999999999,75.84137999999999], [-46.504079999999995,46.504079999999995], [-197.25000000000003,205.25000000000003], [-2.0,24.0], [-6.555000000000001,6.935], [-1.806643425340349,11.593356574659651]","N0, N4, N5, N10, N11, N12, N13, N15",1.0,0.10325420624240988,0.6350114416475973,1,148.38074877437302,4992,143,0.4444444444444444,0.0009366956350695646,1110,1748
"[2.3899999999999997,22.107592682917463], [-30.0,120.0], [40.3985,132.72949999999997], [-41.33696,41.33696], [-64.125,114.125], [-3.325,5.51], [-1.5,7.5], [-2.99,4.99]","N0, N1, N8, N10, N11, N13, N15, N16",0.0,0.1067627137039224,0.639269406392694,1,129.5916642133063,4981,149,0.4444444444444444,0.0008858823925749663,280,438
"[8.79,21.21], [175.9052221644006,199.69868], [-703.3900000000001,793.3900000000001], [2.5,19.5], [-45.85818999999999,45.85818999999999], [-151.25,159.25], [-16.800000000000004,50.800000000000004], [-185.5,201.5], [20.8676386036961,32.0276386036961]","N3, N5, N6, N7, N10, N11, N12, N14, N17",0.0,0.04018775720164611,0.8333333333333334,1,3.32,165,165,0.5,2.2695360548096863e-05,0,0
"[8.79,21.21], [73.38332,199.69868], [-703.3900000000001,1733.4721529683075], [2.5,19.5], [-45.85818999999999,45.85818999999999], [-151.25,159.25], [-16.800000000000004,50.800000000000004], [-185.5,201.5], [20.8676386036961,32.0276386036961]","N3, N5, N6, N7, N10, N11, N12, N14, N17",0.0,0.2669329234418463,0.7678571428571429,1,104.39137122650145,4778,165,0.5,0.0007136144000288178,86,112
"[3.3592719833964395,70.89092198339644], [-112.99635,-34.04925000000001], [-679.54,705.54], [59.668804827052355,122.76165482705235], [38.084981160985336,130.81398116098535], [57.42160795223244,110.38458795223244], [-22.51064669133399,274.96757787284866], [-10.611490510847474,18.50850948915253], [-3.613703114913946,9.186296885086055]","N4, N5, N6, N8, N9, N10, N11, N12, N15",1.0,0.20503828650689207,0.7283950617283951,1,116.76822458576017,4948,166,0.5,0.0007982219751611372,59,81
"[12.07,36.587393633457914], [-47.0,79.0], [-989.9320958043011,1426.39], [3.5,18.375], [-115.5,157.25], [-6.930000000000001,6.930000000000001], [22.0923613963039,39.92751540041068]","N0, N1, N6, N7, N11, N16, N17",0.0,0.838728628758641,0.9654377880184332,1,159.80474313104966,4981,172,0.3888888888888889,0.0011859941832133936,838,868
"[-53.18925,5.782050000000002], [1.75,20.25], [-52.3209,52.3209], [-39.39929,39.39929], [-19.04,35.04], [-281.8,285.8], [1.9000000000000004,12.1], [17.234004106776183,37.07400410677618]","N4, N7, N8, N10, N12, N14, N15, N17",0.0,0.07896743030507916,0.6018518518518519,1,89.24970442024163,4965,176,0.4444444444444444,0.000610106692960379,130,216
"[-7.050000000000001,7.44], [-15.0,129.0], [1985.24,2046.9], [-1.547764233728791,9.702235766271208], [44.30553555256579,101.14385555256578], [-4.820745255423736,6.769254744576264], [30.064155428564792,45.357488761898125]","N0, N1, N2, N7, N10, N13, N17",1.0,0.4598259429173396,0.8560885608856088,1,129.56319698509418,4884,180,0.3888888888888889,0.0008856877919701232,232,271
"[-6.050000000000001,10.05], [-53.18925,5.782050000000002], [1.75,20.25], [-52.3209,52.3209], [-39.39929,39.39929], [-19.04,35.04], [-281.8,285.8], [1.9000000000000004,12.1], [-3.045,3.045], [-1.8326345311764918,37.07400410677618]","N3, N4, N7, N8, N10, N12, N14, N15, N16, N17",0.0,0.09196989344665418,0.6204819277108434,1,92.4271997505986,4965,183,0.5555555555555556,0.000631827898430965,103,166
"[12.07,21.93], [-30.0,79.0], [1951.21,2000.79], [-989.9320958043011,1426.39], [3.5,18.5], [-17.88345,17.88345], [-115.5,137.5], [-6.930000000000001,6.930000000000001], [22.0923613963039,42.34569472963723]","N0, N1, N2, N6, N7, N9, N11, N16, N17",0.0,0.802666782343748,0.956989247311828,1,166.90827093253012,4981,201,0.5,0.0010844235562309232,445,465
"[2.3899999999999997,22.107592682917463], [-30.0,120.0], [40.3985,132.72949999999997], [-41.33696,41.33696], [-64.125,114.125], [-3.325,5.51], [17.91945242984258,47.67945242984257]","N0, N1, N8, N10, N11, N13, N17",0.0,0.27279037387562094,0.7711978465679677,1,153.37290445754107,4981,203,0.3888888888888889,0.001048449808726719,573,743
"[-4.395,12.395], [-183.60279,11.133389999999991], [-514.22,960.22], [7.0,15.0], [-33.1175,33.1175], [-86.25,86.25], [23.28,60.72], [-5.32,5.32], [-239.39999999999998,259.4], [3.0,9.0], [-3.6750000000000003,3.6750000000000003], [31.116892539356606,57.1568925393566]","N3, N5, N6, N7, N9, N11, N12, N13, N14, N15, N16, N17",0.0,1.0,1.0,1,126.31800929349706,4933,222,0.6666666666666666,0.0008635038447692067,69,69
"[-7.050000000000001,15.05], [38.0,143.0], [-110.28242212715136,149.989353308666], [-2.0,24.0]","N0, N1, N11, N12",1.0,0.16664369535337178,0.6988078541374474,1,142.09648847783947,4992,224,0.2222222222222222,0.0008527915304432942,1993,2852
"[-2.75,22.75], [1992.47,2043.53], [16.55,23.45], [5.375,16.625], [-91.90562144748137,38.10751], [-28.375,138.375], [-26.36,44.36], [-3.255,3.255]","N0, N2, N3, N7, N10, N11, N12, N16",0.0,0.6092939122134442,0.9056603773584906,1,123.63190197045306,4945,227,0.4444444444444444,0.0008451417441163853,48,53
"[1998.84,2049.16], [20.665,27.335], [4.493049999999997,44.44135], [-3.75,13.75], [45.48338,120.40661999999999]","N2, N3, N4, N7, N10",0.0,0.0054766078555798245,0.35294117647058826,1,65.7218813231104,2444,234,0.2777777777777778,0.00044927162425518785,6,17
"[-7.050000000000001,15.05], [38.0,143.0], [26.642924999999998,58.030875]","N0, N1, N4",1.0,0.18321183626479573,0.7121815286624203,1,152.596784401205,4992,248,0.16666666666666666,0.0009929859027621552,1789,2512
"[12.07,21.93], [-47.0,79.0], [265.1150635386453,1371.07], [3.625,18.375], [-27.77327,27.77327], [-153.25,157.25], [-17.92,55.92], [-224.10000000000002,266.1], [-7.140000000000001,7.140000000000001], [13.060848733744011,39.92751540041068]","N0, N1, N6, N7, N10, N11, N12, N14, N16, N17",0.0,0.729136364085478,0.9387755102040817,1,169.80041576318962,4969,249,0.5555555555555556,0.001160747487036849,184,196
"[12.07,21.93], [-47.0,79.0], [265.1150635386453,1371.07], [3.625,18.375], [-27.77327,27.77327], [-153.25,157.25], [-17.92,55.92], [-224.10000000000002,266.1], [-3.6750000000000003,3.6750000000000003], [13.060848733744011,39.92751540041068]","N0, N1, N6, N7, N10, N11, N12, N14, N16, N17",0.0,0.7203728077554274,0.9365079365079365,1,179.31079369569255,4945,249,0.5555555555555556,0.001225759973822035,177,189
"[-3.4400000000000004,7.44], [42.0,100.0], [1995.1,2046.9], [9.295,24.705], [-33.90115,36.48395000000001], [-5.25,7.539751831425402], [107.57467857440929,303.0746785744093], [-31.135744505723792,40.62425549427621], [-2.269007325701611,11.18], [217.65404395420967,656.2540439542097], [30.064155428564792,45.357488761898125]","N0, N1, N2, N3, N4, N7, N11, N12, N13, N14, N17",1.0,0.5945511263631468,0.9012345679012346,1,154.39111863929043,4672,264,0.6111111111111112,0.001055410271970691,73,81
"[-53.18925,5.782050000000002], [1.75,20.25], [-39.39929,39.39929], [-19.04,35.04], [-281.8,285.8], [1.9000000000000004,12.1], [-1.8326345311764918,37.07400410677618]","N4, N7, N10, N12, N14, N15, N17",0.0,0.1276970179245193,0.6625766871165644,1,96.50182935135203,4981,265,0.3888888888888889,0.0006596818706867021,216,326
"[-6.199999999999999,7.46], [1965.61,2000.39], [-2.0,38.93873458314053], [-1.806643425340349,11.593356574659651], [-3.5149999999999997,5.515]","N0, N2, N12, N15, N16",1.0,0.27095545291185535,0.7701575532900834,2,116.91266139004246,4982,270,0.2777777777777778,0.0015984186764364922,831,1079
"[20.676047636344315,21.93], [-989.9320958043011,1371.07], [3.625,18.5], [-17.88345,17.88345], [-27.77327,27.77327], [-115.5,157.25], [-17.92,55.92], [-224.10000000000002,266.1], [13.060848733744011,42.34569472963723]","N0, N6, N7, N9, N10, N11, N12, N14, N17",0.0,1.0,1.0,1,153.27836009167873,4900,286,0.5,0.0010478035079824308,41,41
"[38.0,143.0], [1965.61,2000.39], [-40.260805000000005,51.844145], [-164.59873458314053,149.989353308666], [-30.741265416859477,24.0], [-2.3547469166281054,3.915253083371895]","N1, N2, N5, N11, N12, N13",1.0,0.1128822957391753,0.6464354527938343,1,151.52165780299094,4971,306,0.3333333333333333,0.0010023391652249655,671,1038
"[-7.050000000000001,15.05], [14.610824999999998,84.04477500000002], [-227.02999999999997,1091.03], [-43.0878,43.0878], [-110.28242212715136,96.18601417867299], [-2.0,38.93873458314053], [-120.30000000000001,146.3], [-3.5149999999999997,5.515]","N0, N4, N6, N8, N11, N12, N14, N16",1.0,0.06281599266034658,0.5749287749287749,1,143.15323372992657,4971,306,0.4444444444444444,0.0009279082085277548,1009,1755
"[-2.75,22.75], [1992.47,2043.53], [16.55,23.45], [5.375,16.625], [-38.10751,38.10751], [-28.375,-15.429091504682816], [-26.36,44.36], [-3.255,3.255]","N0, N2, N3, N7, N10, N11, N12, N16",0.0,0.1,1.0,1,13.4,310,310,0.4444444444444444,9.160175642906566e-05,0,0
"[-3.4400000000000004,7.44], [42.0,100.0], [1995.1,2046.9], [9.295,24.705], [-5.25,7.539751831425402], [-31.135744505723792,40.62425549427621], [217.65404395420967,656.2540439542097], [30.064155428564792,45.357488761898125]","N0, N1, N2, N3, N7, N12, N14, N17",1.0,0.657160564078345,0.9194630872483222,1,143.36507103912453,4956,327,0.4444444444444444,0.0009800367401314612,137,149
"[-6.050000000000001,10.05], [-53.18925,5.782050000000002], [-52.3209,52.3209], [-39.39929,39.39929], [-195.5,195.5], [-19.04,35.04], [-281.8,285.8], [1.9000000000000004,12.1], [17.234004106776183,37.07400410677618]","N3, N4, N8, N10, N11, N12, N14, N15, N17",0.0,0.08690844471074587,0.6134969325153374,1,92.42679348016644,4965,332,0.5,0.000631825121185803,100,163
"[-5.8999999999999995,7.8999999999999995], [-53.18925,5.782050000000002], [1.75,20.25], [-39.39929,39.39929], [-19.04,35.04], [-281.8,285.8], [1.9000000000000004,12.1], [-1.8326345311764918,37.07400410677618]","N3, N4, N7, N10, N12, N14, N15, N17",0.0,0.13900144363810318,0.6739130434782609,2,96.52772436021736,4981,332,0.4444444444444444,0.0013197177754472565,155,230
"[-3.4400000000000004,7.44], [18.0,100.0], [9.295,24.705], [-33.90115,36.48395000000001], [-808.58,844.58], [0.28975183142540306,7.539751831425402], [50.95334525149471,145.2532852514947], [107.57467857440929,303.0746785744093], [-2.269007325701611,11.18], [217.65404395420967,656.2540439542097], [0.09524816857459673,8.075248168574596]","N0, N1, N3, N4, N6, N7, N10, N11, N13, N14, N16",1.0,0.6903615309097401,0.9285714285714286,1,148.73945292796947,4857,334,0.6111111111111112,0.0010167757566045027,91,98
"[2012.16,2035.84], [3.295,17.164748144088378], [-53.18925,5.782050000000002], [1.75,20.25], [-39.39929,39.39929], [-17.92,35.04], [-6.935,6.935], [-281.8,285.8], [-1.8326345311764918,37.07400410677618]","N2, N3, N4, N7, N10, N12, N13, N14, N17",0.0,1.0,1.0,2,142.384,4395,340,0.5,0.0019466603712531467,7,7
"[1974.13,2011.87], [-5.8999999999999995,7.8999999999999995], [-53.18925,5.782050000000002], [1.75,20.25], [-39.39929,39.39929], [-103.375,109.375], [-19.04,35.04], [-281.8,500.82335262487413], [1.9000000000000004,12.1], [-1.8326345311764918,37.07400410677618]","N2, N3, N4, N7, N10, N11, N12, N14, N15, N17",0.0,0.12171569466590881,0.65625,1,103.42119106623258,4981,357,0.5555555555555556,0.0007069822950487237,105,160
"[-5.8999999999999995,7.8999999999999995], [-53.18925,5.782050000000002], [1.75,20.25], [-17.88345,17.88345], [-39.39929,39.39929], [-19.04,35.04], [-281.8,285.8], [1.9000000000000004,12.1], [-1.8326345311764918,37.07400410677618]","N3, N4, N7, N9, N10, N12, N14, N15, N17",0.0,0.11966941156041029,0.6540284360189573,1,96.77106587640026,4981,357,0.5,0.0006615223586411256,138,211
"[37.335775,66.821425], [-383.15999999999997,689.16], [-17.88345,17.88345], [-6.935,6.935], [1.9000000000000004,12.1]","N4, N6, N9, N13, N15",0.0,0.07552415546576513,0.5965092402464066,1,146.52576881307698,4993,367,0.2777777777777778,0.0010332770219682013,1162,1948
"[37.335775,66.821425], [-383.15999999999997,689.16], [-29.44899819969504,17.88345], [-6.935,6.935], [1.9000000000000004,12.1]","N4, N6, N9, N13, N15",0.0,0.075262001986966,0.5960945529290853,1,146.52576881307698,4993,371,0.2777777777777778,0.0010332770219682013,1160,1946
"[38.0,143.0], [1965.61,2000.39], [-40.260805000000005,51.844145], [-164.59873458314053,149.989353308666], [-30.741265416859477,24.0], [-2.3547469166281054,3.915253083371895], [-1.225802477980519,5.284197522019481]","N1, N2, N5, N11, N12, N13, N16",1.0,0.09745656163265506,0.6277145811789038,1,147.8655678082025,4971,374,0.3888888888888889,0.0010020272369293888,607,967
"[-2.75,22.75], [1992.47,2043.53], [16.55,23.45], [72.067535,201.01446499999997], [5.375,16.625], [-91.90562144748137,38.10751], [-28.375,138.375], [-26.36,44.36], [2.4,7.6], [-3.255,3.255]","N0, N2, N3, N5, N7, N10, N11, N12, N15, N16",0.0,0.46266436603796024,0.8571428571428571,1,108.904,4336,394,0.5555555555555556,0.0007444625135933557,6,7
"[-2.75,22.75], [1992.47,2043.53], [16.55,23.45], [5.375,6.77776835104339], [-91.90562144748137,38.10751], [-28.375,138.375], [-26.36,44.36], [-3.255,10.12023103118063]","N0, N2, N3, N7, N10, N11, N12, N16",0.0,0.1,1.0,1,33.5,394,394,0.4444444444444444,0.00022900439107266413,0,0
"[12.07,21.93], [-78.65603499999999,108.185435], [-17.88345,17.88345], [-153.25,137.5], [-19.04,52.2], [-277.70000000000005,315.70000000000005], [1.9000000000000004,12.1], [-6.930000000000001,6.930000000000001]","N0, N5, N9, N11, N12, N14, N15, N16",0.0,0.8290992020631536,0.9632107023411371,2,190.07607378340643,4915,410,0.4444444444444444,0.002639448082098708,576,598
"[38.0,143.0], [1965.61,2000.39], [-3.3600000000000003,11.36], [-40.260805000000005,51.844145], [-37.461619999999996,37.461619999999996], [-164.59873458314053,149.989353308666], [-2.3547469166281054,3.915253083371895]","N1, N2, N3, N5, N10, N11, N13",1.0,0.09369826465475159,0.6227967097532315,1,159.0388474878431,4971,423,0.3888888888888889,0.0010826315834319283,530,851
"[-7.050000000000001,14.2], [30.418599999999994,57.050799999999995], [-61.00025999999999,75.84137999999999], [18.56001533939005,69.04295989697584], [67.08130244391795,116.32450244391795], [-39.741,39.741], [-46.504079999999995,46.504079999999995], [-10.611490510847474,24.0], [-3.625745255423737,7.574254744576264]","N0, N4, N5, N6, N8, N9, N10, N12, N15",1.0,0.25126003423796484,0.7586206896551724,1,168.15973468848256,4289,437,0.5,0.0011495318700082597,22,29
"[-7.050000000000001,15.05], [81.44293734955994,142.37913734955995], [44.30553555256579,101.14385555256578], [-142.28574152129715,219.96425847870285], [-10.611490510847474,18.50850948915253], [0.09524816857459673,8.075248168574596]","N0, N9, N10, N11, N12, N16",1.0,0.5608728721643811,0.8907849829351536,1,133.73559400961568,4907,463,0.3333333333333333,0.000914210097639196,261,293
"[18.0,100.0], [1985.24,2020.76], [-1.547764233728791,9.702235766271208], [48.857211466625095,136.6982514666251], [18.214919809112168,40.53491980911217]","N1, N2, N7, N10, N17",1.0,0.396685425109794,0.8311688311688312,1,110.49381124156142,4956,463,0.2777777777777778,0.0007553303868857213,640,770
"[12.07,21.93], [2012.16,2035.84], [3.295,17.164748144088378], [-78.65603499999999,108.185435], [-35.52395,27.77327], [-153.25,157.25], [-17.92,52.2], [-6.935,6.935], [-228.50000000000003,244.50000000000003], [-7.77,7.77]","N0, N2, N3, N5, N10, N11, N12, N13, N14, N16",0.0,1.0,1.0,1,198.69813218460305,4937,474,0.5555555555555556,0.001358290888603306,101,101
"[2012.16,2035.84], [3.295,17.164748144088378], [1.75,20.25], [-39.39929,39.39929], [-17.92,35.04], [-6.935,6.935], [-281.8,-116.78657524724355], [2.8,11.2], [-1.8326345311764918,37.07400410677618]","N2, N3, N7, N10, N12, N13, N14, N15, N17",0.0,0.1,1.0,1,31.0,497,497,0.5,0.0002119145111418683,0,0
"[2012.16,2035.84], [3.295,17.164748144088378], [-53.18925,5.782050000000002], [-607.5200000000001,643.5200000000001], [1.75,20.25], [-39.39929,39.39929], [-17.92,35.04], [-6.935,6.935], [-281.8,285.8], [-1.8326345311764918,37.07400410677618]","N2, N3, N4, N6, N7, N10, N12, N13, N14, N17",0.0,1.0,1.0,1,157.2,4395,497,0.5555555555555556,0.0010746116500484418,6,6
"[-6.199999999999999,7.46], [1965.61,2000.39], [-20.66848,20.66848], [-2.0,38.93873458314053], [-1.806643425340349,11.593356574659651], [-3.5149999999999997,5.515]","N0, N2, N10, N12, N15, N16",1.0,0.2733488401666453,0.771513353115727,1,116.91266139004246,4982,517,0.3333333333333333,0.0007992093382182461,780,1011
"[-3.4400000000000004,7.44], [42.0,100.0], [1995.1,2046.9], [9.295,24.705], [-142.511605,-55.669795], [-5.25,7.539751831425402], [107.57467857440929,303.0746785744093], [-31.135744505723792,40.62425549427621], [-2.269007325701611,11.18], [217.65404395420967,656.2540439542097], [30.064155428564792,45.357488761898125]","N0, N1, N2, N3, N5, N7, N11, N12, N13, N14, N17",1.0,1.0,1.0,1,130.1483881562112,4672,523,0.6111111111111112,0.000889688130710504,17,17
"[-7.050000000000001,15.05], [-15.0,129.0], [1985.24,2020.76], [-1.547764233728791,9.702235766271208], [67.08130244391795,116.32450244391795], [48.857211466625095,136.6982514666251], [-3.625745255423737,7.574254744576264]","N0, N1, N2, N7, N8, N10, N15",1.0,0.3823411203857461,0.8250688705234159,1,116.4623742616737,4956,541,0.3888888888888889,0.0007961311970349641,599,726
"[-6.199999999999999,7.46], [-2.0,24.0], [-3.5149999999999997,5.284197522019481]","N0, N12, N16",1.0,0.310656523494174,0.7915094339622641,1,105.51186454935333,4989,545,0.16666666666666666,0.0007212740385691366,1678,2120
"[5.199999999999999,18.8], [0.7200000000000006,17.28], [-660.3900000000001,1426.39], [-6.555000000000001,6.555000000000001], [5.306293389161492,8.0], [-3.885,3.885]","N0, N3, N6, N13, N15, N16",0.0,0.3735879671175759,0.821256038647343,1,128.19116888346338,4937,553,0.3333333333333333,0.0008236567513037262,340,414
"[-7.050000000000001,7.44], [42.0,100.0], [1989.8,2034.2], [-5.25,7.539751831425402], [107.57467857440929,303.0746785744093], [-31.135744505723792,40.62425549427621], [-2.269007325701611,11.18], [22.05854001755297,43.96520668421964]","N0, N1, N2, N7, N11, N12, N13, N17",1.0,0.7120289513242567,0.9343283582089552,1,144.120204615688,4884,568,0.4444444444444444,0.0009851987969935342,313,335
"[-3.4400000000000004,7.46], [1995.1,2046.9], [9.295,24.705], [-195.44,519.44], [-19.16728767179349,26.59271232820651], [217.65404395420967,656.2540439542097], [30.064155428564792,45.357488761898125]","N0, N2, N3, N6, N12, N14, N17",1.0,0.5704461475270527,0.8938053097345132,1,143.84948890688048,4956,568,0.3888888888888889,0.0009833481974099738,101,113
"[12.07,21.93], [-47.0,29.000000000000004], [-53.18925,5.782050000000002], [265.1150635386453,1371.07], [-153.25,157.25], [-224.10000000000002,266.1], [-7.140000000000001,7.140000000000001]","N0, N1, N4, N6, N11, N14, N16",0.0,1.0,1.0,1,136.48,4133,576,0.3888888888888889,0.0009329707251820059,8,8
"[12.07,21.93], [3.295,17.164748144088378], [-78.65603499999999,108.185435], [-35.52395,27.77327], [-153.25,157.25], [-17.92,52.2], [-7.77,7.77]","N0, N3, N5, N10, N11, N12, N16",0.0,0.8340114619428538,0.964349376114082,1,176.3792323568225,4969,589,0.3888888888888889,0.0011734256814171858,541,561
"[12.07,21.93], [3.295,17.164748144088378], [-6.935,6.935]","N0, N3, N13",0.0,0.8221699499612132,0.9615952732644018,1,180.72176800970018,4969,589,0.16666666666666666,0.0011683305222951962,651,677
"[-3.4400000000000004,7.44], [42.0,100.0], [-5.25,7.25], [44.30553555256579,101.14385555256578], [-15.120000000000001,17.12], [2.8200000000000003,11.18], [595.4889001770912,810.4889001770912], [30.064155428564792,45.357488761898125]","N0, N1, N7, N10, N12, N13, N14, N17",1.0,1.0,1.0,1,109.319241879552,4816,600,0.4444444444444444,0.0007473010871388683,16,16
"[-3.4400000000000004,7.44], [42.0,100.0], [1995.1,2046.9], [30.064155428564792,45.357488761898125]","N0, N1, N2, N17",1.0,0.5096168480007375,0.8738738738738738,1,147.70465657184826,4992,600,0.2222222222222222,0.001009701938412928,388,444
"[-7.050000000000001,7.46], [1977.76,2016.24], [-2.0,24.0]","N0, N2, N12",1.0,0.3647506341580084,0.8173333333333334,1,139.69430795601252,4992,608,0.16666666666666666,0.0009099874681407245,1226,1500
"[-7.050000000000001,7.46], [-2.0,24.0], [17.697864476386037,35.47119780971937]","N0, N12, N17",1.0,0.363197360689339,0.8166360294117647,1,132.0330694904805,4992,608,0.16666666666666666,0.0008445226453921563,1777,2176
"[5.199999999999999,21.93], [5.975,14.025], [-16.800000000000004,55.92], [-6.555000000000001,6.555000000000001], [-286.3694342660564,259.9], [15.258097193702943,43.36476386036961]","N0, N3, N12, N13, N14, N17",0.0,0.282697037287426,0.7767195767195767,1,172.04392775839577,4993,614,0.3333333333333333,0.0011489091314223628,734,945
"[42.0,100.0], [1995.1,2046.9], [30.064155428564792,45.357488761898125]","N1, N2, N17",1.0,0.13382845385453995,0.6688206785137318,2,153.72131074638,4992,620,0.16666666666666666,0.0021016629947681513,414,619
"[5.199999999999999,21.93], [37.335775,66.821425], [-17.88345,17.88345], [-286.3694342660564,259.9]","N0, N4, N9, N14",0.0,0.2443752500861021,0.7544169611307421,1,170.18600239152826,4993,648,0.2222222222222222,0.0010504468667686892,854,1132
"[12.07,21.93], [-47.0,79.0], [-78.65603499999999,108.185435], [265.1150635386453,1371.07], [71.35902499999999,143.684975], [-27.77327,27.77327], [-224.10000000000002,266.1], [-7.140000000000001,6.930000000000001], [13.060848733744011,39.92751540041068]","N0, N1, N5, N6, N8, N10, N14, N16, N17",0.0,0.8864879397571215,0.9761904761904762,1,206.88344409709907,4527,655,0.5,0.001414245287715574,41,42
"[-4.9,18.9], [21.422274999999992,73.735525], [3.5,18.5], [53.225449999999995,96.94055], [-78.625,168.625], [-221.89999999999998,405.9], [-3.4650000000000003,3.4650000000000003]","N0, N4, N7, N9, N11, N14, N16",0.0,0.0695183884022385,0.5867052023121387,1,121.76125460521592,4937,667,0.3888888888888889,0.0008323540885704805,203,346
"[-8.18,10.18], [18.0,100.0], [-1.327854772514371,61.448045227485636], [81.44293734955994,142.37913734955995], [-31.135744505723792,40.62425549427621], [-2.269007325701611,4.950992674298389], [217.65404395420967,656.2540439542097], [0.09524816857459673,8.075248168574596]","N0, N1, N4, N9, N12, N13, N14, N16",1.0,0.5335881108807581,0.8819444444444444,1,130.44211992439213,4941,673,0.4444444444444444,0.0008916960669705328,127,144
"[-7.050000000000001,7.46], [-45.85818999999999,45.85818999999999], [-2.0,24.0]","N0, N10, N12",1.0,0.29919556333190533,0.7855811062771908,3,135.03435523056245,4992,687,0.16666666666666666,0.002610505355580484,1264,1609
"[-3.4400000000000004,7.44], [42.0,100.0], [9.295,24.705], [-4.541385109022318,7.208614890977682], [44.30553555256579,101.14385555256578], [-31.135744505723792,17.12], [-2.269007325701611,11.18], [217.65404395420967,810.4889001770912], [30.064155428564792,45.357488761898125]","N0, N1, N3, N7, N10, N12, N13, N14, N17",1.0,0.717576767009167,0.9357798165137615,1,144.21719737516528,4956,701,0.5,0.0009858618348389833,102,109
"[-7.050000000000001,7.46], [1977.76,2016.24], [-17.2211,17.2211], [-2.0,24.0], [-6.362515030938126,7.287484969061874]","N0, N2, N9, N12, N16",1.0,0.30459431805821313,0.78839590443686,1,136.12091791222724,4853,730,0.2777777777777778,0.0008794530647436287,693,879
"[-3.4400000000000004,7.44], [42.0,100.0], [1995.1,2046.9], [-33.90115,36.48395000000001], [-5.25,7.539751831425402], [50.95334525149471,146.5861199761161], [-31.135744505723792,40.62425549427621], [0.09524816857459673,8.075248168574596], [30.064155428564792,45.357488761898125]","N0, N1, N2, N4, N7, N10, N12, N16, N17",1.0,0.4866564476661029,0.8658536585365854,1,155.57289726035825,4672,735,0.5,0.0010634888538662232,71,82
"[5.975,25.17818379625809], [-6.555000000000001,6.555000000000001], [-286.3694342660564,259.9], [1.9000000000000004,12.1], [-6.930000000000001,7.140000000000001]","N3, N13, N14, N15, N16",0.0,0.0808796498873012,0.6047388260635433,1,143.6029788915445,4993,736,0.2777777777777778,0.0010790520667078266,1123,1857
"[5.199999999999999,21.93], [-7.0,75.0], [-55.870505,67.81328500000001], [3.625,18.375], [-153.25,157.25], [-19.04,55.92], [15.258097193702943,43.36476386036961]","N0, N1, N5, N7, N11, N12, N17",0.0,0.3339934944340336,0.8030592734225621,1,162.18446398454526,4993,736,0.3888888888888889,0.0010346262869104846,840,1046
"[12.07,21.93], [1951.76,1990.24], [-6.050000000000001,10.05], [-78.65603499999999,108.185435], [-195.5,137.5], [-19.04,52.2], [-262.6,270.6], [2.2,12.1], [-1.8326345311764918,37.07400410677618]","N0, N2, N3, N5, N11, N12, N14, N15, N17",0.0,0.7039687638313157,0.9322033898305084,1,172.84199893115223,4873,744,0.5,0.0011815396034928532,165,177
"[-7.050000000000001,14.2], [30.418599999999994,57.050799999999995], [-61.00025999999999,75.84137999999999], [-43.857225,43.857225], [-6.555000000000001,6.935]","N0, N4, N5, N8, N13",1.0,0.0776634756822136,0.5998509687034277,1,153.06616101268818,4992,748,0.2777777777777778,0.0009992527698969766,805,1342
"[-7.050000000000001,7.46], [3.135,14.865], [-45.85818999999999,45.85818999999999], [-2.0,24.0]","N0, N3, N10, N12",1.0,0.33788614195956507,0.804922515952598,1,145.03991131007263,4992,764,0.2222222222222222,0.000955665327879998,883,1097
"[-1.3500000000000014,17.35], [-47.0,35.0], [64.70511499999999,225.230885], [36.03294999999999,119.48904999999999], [-9.560000000000002,45.56], [-3.1350000000000002,5.89], [-7.56,3.6750000000000003], [11.938658453114309,36.49184120465434]","N0, N1, N5, N9, N12, N13, N16, N17",0.0,1.0,1.0,1,93.764192768,4935,765,0.4444444444444444,0.0006409675184852459,14,14
"[-3.4400000000000004,7.44], [18.0,100.0], [9.295,24.705], [-33.90115,36.48395000000001], [-808.58,844.58], [0.28975183142540306,7.539751831425402], [50.95334525149471,145.2532852514947], [107.57467857440929,303.0746785744093], [-2.269007325701611,11.18], [217.65404395420967,656.2540439542097], [-1.7000000000000002,3.7], [0.09524816857459673,8.075248168574596]","N0, N1, N3, N4, N6, N7, N10, N11, N13, N14, N15, N16",1.0,0.6639253155988384,0.9213483146067416,2,148.73964804224275,4857,769,0.6666666666666666,0.002033554180792608,82,89
"[-55.870505,67.81328500000001], [-383.15999999999997,689.16], [3.625,18.375], [-17.88345,17.88345], [-153.25,157.25], [-6.935,6.935], [1.9000000000000004,12.1]","N5, N6, N7, N9, N11, N13, N15",0.0,0.07375262689490074,0.5936842105263158,1,139.96570207063633,4993,780,0.3888888888888889,0.0010267429976771713,846,1425
"[-7.0,75.0], [37.335775,66.821425], [4.75,17.25], [-19.04,55.92], [-6.930000000000001,7.140000000000001]","N1, N4, N7, N12, N16",0.0,0.09573785180339177,0.6254847645429363,1,166.31275648908786,4993,780,0.2777777777777778,0.0009887664659864817,1129,1805
"[-7.050000000000001,7.46], [1977.76,2016.24], [16.38366313710005,46.97032980376671]","N0, N2, N17",1.0,0.2732318149678309,0.7714472822527833,1,139.0062130735302,4992,782,0.16666666666666666,0.0009041077386794157,1178,1527
"[-166.49758500000002,-5.9718150000000065], [-1.547764233728791,9.702235766271208], [46.52546741128975,116.32450244391795], [42.37425,101.98575000000001], [-2.0,24.0]","N5, N7, N8, N9, N12",1.0,0.25126003423796484,0.7586206896551724,1,98.6533096800254,4948,795,0.2777777777777778,0.0006743892868829009,110,145
"[-7.050000000000001,15.05], [-15.0,129.0], [1977.76,2020.76], [-4.875,10.875], [67.08130244391795,121.92911741128975], [50.32245,94.03755000000001], [48.857211466625095,136.6982514666251], [-3.625745255423737,7.574254744576264]","N0, N1, N2, N7, N8, N9, N10, N15",1.0,0.3609685110202002,0.8156312625250501,1,118.65305364682786,4956,795,0.4444444444444444,0.0008111065760986258,407,499
"[-6.199999999999999,7.46], [1949.17,1992.83], [-2.0,24.0], [17.697864476386037,35.47119780971937]","N0, N2, N12, N17",1.0,0.3009817526747467,0.7865168539325843,1,126.93187166811279,4971,803,0.2222222222222222,0.0008009332162484056,700,890
"[12.07,21.93], [-47.0,79.0], [-78.65603499999999,108.185435], [265.1150635386453,1371.07], [3.625,18.375], [-153.25,157.25], [-224.10000000000002,315.70000000000005], [-7.140000000000001,7.140000000000001]","N0, N1, N5, N6, N7, N11, N14, N16",0.0,0.7195954550624178,0.9363057324840764,1,170.3167890111697,4969,805,0.4444444444444444,0.0011642773897598308,147,157
"[1977.76,2020.76], [9.295,24.705], [25.22286889456293,121.92911741128975], [48.857211466625095,136.6982514666251], [418.2525002126445,813.8525002126446]","N2, N3, N8, N10, N14",1.0,0.8265463932096233,0.9626168224299065,2,132.684129054268,4956,810,0.2777777777777778,0.0018140446674077269,103,107
"[-7.050000000000001,15.05], [-15.0,129.0], [-4.875,10.875], [67.08130244391795,131.40351889456292], [50.32245,94.03755000000001], [107.57467857440929,303.0746785744093], [217.65404395420967,656.2540439542097], [-3.625745255423737,7.574254744576264]","N0, N1, N7, N8, N9, N11, N14, N15",1.0,0.5283568953144759,0.8802083333333334,1,136.95324086935224,4884,810,0.4444444444444444,0.0009362057770362361,169,192
"[1989.8044787857136,2035.84], [3.295,17.164748144088378], [-78.65603499999999,108.185435], [16.875,23.125], [-17.88345,17.88345], [-19.04,52.2], [-6.935,6.935], [-266.9,274.9], [-6.930000000000001,11.009280467217206], [23.52476386036961,35.09809719370294]","N2, N3, N5, N7, N9, N12, N13, N14, N16, N17",0.0,1.0,1.0,1,192.405618288055,4915,815,0.5555555555555556,0.0013152755658213577,82,82
"[-55.870505,67.81328500000001], [-17.88345,17.88345], [-153.25,157.25], [1.9000000000000004,12.1], [-6.930000000000001,7.140000000000001], [6.854305270362767,35.37430527036277]","N5, N9, N11, N15, N16, N17",0.0,0.08328802337504294,0.6082981715893109,1,141.5005922961862,4993,846,0.3333333333333333,0.0010291925209813839,865,1422
"[5.199999999999999,21.93], [-7.0,75.0], [34.87411673499359,37.335775], [3.625,18.375], [-19.04,55.92], [-286.3694342660564,259.9]","N0, N1, N4, N7, N12, N14",0.0,0.4182119423999999,0.84,1,136.75061790767197,4080,846,0.3333333333333333,0.0009348206562017009,21,25
"[-6.199999999999999,7.46], [1949.17,1992.83], [7.0,15.0], [-2.0,24.0]","N0, N2, N7, N12",1.0,0.2949395666152263,0.7833333333333333,1,122.79179739648528,4982,873,0.2222222222222222,0.0007655565301450599,846,1080
"[-6.199999999999999,15.05], [38.0,143.0], [-2.0,24.0], [-3.5149999999999997,5.284197522019481]","N0, N1, N12, N16",1.0,0.15648894181880418,0.6900756938603869,1,126.1380480798889,4989,888,0.2222222222222222,0.0007461660336781648,1641,2378
"[10.649999999999999,21.93], [-47.0,112.0], [1.75,23.125], [-39.39929,39.39929], [-17.92,55.92], [-5.565,3.6750000000000003]","N0, N1, N7, N10, N12, N16",0.0,0.6908948757011176,0.928714859437751,1,178.95339044860356,4993,889,0.3333333333333333,0.0011967687507551247,925,996
"[12.07,21.93], [-17.88345,17.88345], [-27.77327,27.77327], [-153.25,137.5], [1.9000000000000004,12.1]","N0, N9, N10, N11, N15",0.0,0.8070029479939318,0.9580209895052474,1,185.44137087842245,4981,896,0.2777777777777778,0.001231344152254183,639,667
"[9.665,16.335], [-27.77327,27.77327], [-19.04,55.92], [-277.70000000000005,266.1], [1.9000000000000004,12.1], [13.060848733744011,39.92751540041068]","N3, N10, N12, N14, N15, N17",0.0,0.12683985427114175,0.6616847826086957,1,160.94295716539494,4993,896,0.3333333333333333,0.0011001983254655264,487,736
"[-7.050000000000001,15.05], [-15.0,129.0], [1985.24,2016.24], [-1.547764233728791,9.702235766271208], [67.08130244391795,116.32450244391795], [48.21078731469346,115.38334731469347]","N0, N1, N2, N7, N8, N10",1.0,0.3478596834650369,0.8096192384769539,1,125.42095172197712,4948,898,0.3333333333333333,0.0008573716022938918,404,499
"[12.07,21.93], [7.375,14.625], [-27.77327,27.77327], [-195.5,137.5], [-19.04,52.2], [1.9000000000000004,12.1], [-1.8326345311764918,37.07400410677618]","N0, N7, N10, N11, N12, N15, N17",0.0,0.7742427859633243,0.9501133786848073,1,188.69794883219703,4945,904,0.3888888888888889,0.0012748242508598738,419,441
"[5.199999999999999,15.93], [13.638374999999996,65.951625], [-152.39941,-63.564505], [-18.759999999999998,46.76], [-6.555000000000001,6.555000000000001], [-195.9,259.9]","N0, N4, N5, N12, N13, N14",0.0,0.11285906147151809,0.6464088397790055,1,102.66567622683314,4933,934,0.3333333333333333,0.0007018176318922154,117,181
"[-6.199999999999999,7.46], [1949.17,1992.83], [7.0,15.0], [-103.40701628817668,126.59298371182332], [-2.0,24.0]","N0, N2, N7, N11, N12",1.0,0.2884737699071845,0.779868297271872,1,122.79179739648528,4982,938,0.2777777777777778,0.0007655565301450599,829,1063
"[-7.050000000000001,15.05], [26.642924999999998,58.030875], [-2.0,24.0], [-6.935,6.935]","N0, N4, N12, N13",1.0,0.11282186065285324,0.6463662200568413,1,141.89090651862884,4992,953,0.2222222222222222,0.0008500467093504448,1592,2463
"[5.199999999999999,21.93], [-286.3694342660564,259.9], [15.258097193702943,43.36476386036961]","N0, N14, N17",0.0,0.28751835524245056,0.7793510324483776,1,166.86776963342032,4993,955,0.16666666666666666,0.0009950677657740614,1321,1695
"[-12.0,112.0], [16.875,23.125], [41.618775,129.333225], [-17.88345,17.88345], [-153.25,137.5], [-19.04,52.2], [-5.985,5.985], [-107.5,315.70000000000005], [1.9000000000000004,12.1], [-5.565,11.009280467217206]","N1, N7, N8, N9, N11, N12, N13, N14, N15, N16",0.0,0.974491141096897,0.9948453608247423,1,168.65778059166385,4915,979,0.5555555555555556,0.001152936487882417,193,194
"[10.649999999999999,21.93], [-47.0,112.0], [1996.9,2019.1], [1.75,23.125], [-39.39929,39.39929], [-17.92,55.92], [-5.565,3.6750000000000003]","N0, N1, N2, N7, N10, N12, N16",0.0,0.7410688792049706,0.9418282548476454,1,170.0862440346874,4981,985,0.3888888888888889,0.0010825263497181536,340,361
"[1992.47,2043.53], [5.375,16.625], [-17.88345,17.88345], [-27.77327,48.44175], [-153.25,138.375], [1.9000000000000004,12.1]","N2, N7, N9, N10, N11, N15",0.0,0.1631627649574035,0.6958637469586375,1,168.77934548099668,4981,990,0.3333333333333333,0.001071358980036001,286,411
"[5.199999999999999,18.8], [-660.3900000000001,1426.39], [37.603474999999996,119.16252499999999], [-73.50000000000001,87.50000000000001], [-3.1350000000000002,6.555000000000001], [-195.9,259.9], [-3.885,3.885], [15.258097193702943,43.36476386036961]","N0, N6, N8, N11, N13, N14, N16, N17",0.0,0.4634390885134194,0.857429718875502,2,146.55641158960984,4981,1007,0.4444444444444444,0.002003705181723781,427,498
"[-6.050000000000001,10.05], [-53.18925,5.782050000000002], [-52.3209,52.3209], [-39.39929,39.39929], [-19.04,35.04], [-281.8,285.8], [1.9000000000000004,12.1], [17.234004106776183,37.07400410677618]","N3, N4, N8, N10, N12, N14, N15, N17",0.0,0.07324032849036116,0.5928571428571429,1,92.42679348016678,4965,1009,0.4444444444444444,0.0006318251211858052,83,140
"[-6.050000000000001,10.05], [-53.18925,5.782050000000002], [1.75,20.25], [-52.3209,52.3209], [-39.39929,39.39929], [-195.5,195.5], [-281.8,285.8], [1.9000000000000004,12.1], [17.234004106776183,37.07400410677618]","N3, N4, N7, N8, N10, N11, N14, N15, N17",0.0,0.07144885289904034,0.5899280575539568,1,92.42719968286568,4965,1009,0.5,0.0006318278979679459,82,139
"[-7.050000000000001,7.44], [42.0,100.0], [1977.76,2020.76], [9.295,24.705], [-4.541385109022318,7.208614890977682], [25.22286889456293,121.92911741128975], [71.00729432166852,101.14385555256578], [-3.625745255423737,7.574254744576264]","N0, N1, N2, N3, N7, N8, N10, N15",1.0,0.5099372811193792,0.8739837398373984,2,135.91541999304164,4956,1029,0.4444444444444444,0.001858222566739815,215,246
"[-3.4400000000000004,7.46], [19.0,91.0], [48.857211466625095,136.6982514666251], [-31.135744505723792,17.12], [-2.269007325701611,11.18], [217.65404395420967,813.8525002126446], [-7.035,7.035], [16.38366313710005,46.97032980376671]","N0, N1, N10, N12, N13, N14, N16, N17",1.0,0.6020906275961526,0.9035087719298246,1,126.54062172725594,4954,1029,0.4444444444444444,0.0008650256126748233,206,228
"[10.649999999999999,21.93], [1.75,23.125], [-39.39929,39.39929], [-17.92,55.92], [-284.1,292.1], [-5.565,3.6750000000000003]","N0, N7, N10, N12, N14, N16",0.0,0.6846498011687596,0.9270298047276464,1,178.94133350683214,4993,1037,0.3333333333333333,0.0011965675284043374,902,973
"[42.0,100.0], [1995.1,2046.9], [-33.90115,36.48395000000001], [-5.25,7.539751831425402], [50.95334525149471,146.5861199761161], [30.064155428564792,45.357488761898125]","N1, N2, N4, N7, N10, N17",1.0,0.46872009988874197,0.859375,1,139.18637198187633,4956,1042,0.3333333333333333,0.0009514713540693406,110,128
"[5.199999999999999,18.8], [0.7200000000000006,17.28], [-660.3900000000001,1426.39], [5.306293389161492,8.0], [-3.885,3.885]","N0, N3, N6, N15, N16",0.0,0.37398055637160105,0.8214285714285714,1,128.19116888346338,4937,1053,0.2777777777777778,0.0008236567513037262,299,364
"[-6.050000000000001,10.05], [-53.18925,5.782050000000002], [1.75,20.25], [-52.3209,52.3209], [-39.39929,39.39929], [-19.04,35.04], [-281.8,285.8], [1.9000000000000004,12.1], [17.234004106776183,19.851893382894552]","N3, N4, N7, N8, N10, N12, N14, N15, N17",0.0,0.1,1.0,1,74.0,1057,1057,0.5,0.0005058604459515566,0,0
"[-39.39929,39.39929], [-195.5,195.5], [-281.8,285.8], [1.9000000000000004,12.1]","N10, N11, N14, N15",0.0,0.10778783982062963,0.6404923599320883,1,143.77038531338934,4993,1057,0.2222222222222222,0.0009757951211223053,1509,2356
"[-9.75,15.75], [-3.625,9.625], [46.52546741128975,121.92911741128975], [-2.0,24.0], [-135.9,147.9]","N0, N7, N8, N12, N14",1.0,0.19358241713543994,0.7200674536256324,1,119.15739642836314,4948,1058,0.2777777777777778,0.0008145542391307865,427,593
"[-7.050000000000001,7.46], [19.0,100.0], [9.295,24.705], [-4.541385109022318,7.208614890977682], [25.22286889456293,121.92911741128975], [48.857211466625095,101.14385555256578], [-31.135744505723792,17.12], [-3.625745255423737,7.574254744576264], [-7.035,7.035]","N0, N1, N3, N7, N8, N10, N12, N15, N16",1.0,0.4110524807710426,0.8371040723981901,1,140.12265387162984,4884,1068,0.5,0.000957871732100247,185,221
"[16.875,23.125], [41.618775,129.333225], [-17.88345,17.88345], [-153.25,137.5], [-19.04,52.2], [-107.5,315.70000000000005], [1.9000000000000004,12.1], [-5.565,11.009280467217206]","N7, N8, N9, N11, N12, N14, N15, N16",0.0,0.9738234436262323,0.9947089947089947,1,168.65778059166385,4915,1070,0.4444444444444444,0.001152936487882417,188,189
"[-7.050000000000001,7.46], [1967.65,2008.35], [-2.0,24.0], [17.697864476386037,35.47119780971937]","N0, N2, N12, N17",1.0,0.32067224478626205,0.7965485921889192,1,136.11926078405668,4992,1080,0.2222222222222222,0.0008794389046828963,877,1101
"[-22.999999999999996,112.0], [1998.83,2029.17], [-703.3900000000001,1733.4721529683075], [3.0,13.0], [75.11297499999999,125.89502499999999], [-165.75,167.75], [-16.800000000000004,50.800000000000004], [3.5999999999999996,16.4], [-6.930000000000001,7.56], [20.8676386036961,42.11199178644764]","N1, N2, N6, N7, N8, N11, N12, N15, N16, N17",0.0,0.29868105004093987,0.7853107344632768,1,108.09346774294548,4935,1096,0.5555555555555556,0.0007389217540121162,139,177
"[12.07,36.587393633457914], [-47.0,79.0], [-989.9320958043011,1426.39], [3.5,18.375], [-6.930000000000001,6.930000000000001], [22.0923613963039,39.92751540041068]","N0, N1, N6, N7, N16, N17",0.0,0.8378241996981326,0.9652294853963839,1,159.80474313104966,4981,1108,0.3333333333333333,0.0011859941832133936,694,719
"[-12.0,112.0], [16.875,23.125], [78.06500748807622,129.333225], [-17.88345,17.88345], [-153.25,137.5], [-19.04,52.2], [-5.985,5.985], [-107.5,315.70000000000005], [1.9000000000000004,12.1], [-5.565,11.009280467217206]","N1, N7, N8, N9, N11, N12, N13, N14, N15, N16",0.0,1.0,1.0,1,168.1998764786665,4915,1113,0.5555555555555556,0.0011498062773580401,158,158
"[42.0,100.0], [9.295,24.705], [63.21916223885614,333.46916223885614], [-31.135744505723792,40.62425549427621], [-2.269007325701611,11.18], [217.65404395420967,813.8525002126446]","N1, N3, N11, N12, N13, N14",1.0,0.48826698895363624,0.8664259927797834,1,132.85100221162185,4956,1118,0.3333333333333333,0.0009081630705930035,240,277
"[-4.9,18.9], [2004.24,2039.76], [21.422274999999992,73.735525], [3.5,18.5], [53.225449999999995,96.94055], [-78.625,168.625], [-221.89999999999998,405.9], [-3.4650000000000003,3.4650000000000003]","N0, N2, N4, N7, N9, N11, N14, N16",0.0,0.06316306699157202,0.5755627009646302,1,121.76125460521592,4937,1122,0.4444444444444444,0.0008323540885704805,179,311
"[2012.16,2035.84], [3.295,17.164748144088378], [-35.52395,27.77327], [-153.25,157.25], [-6.935,6.935], [-228.50000000000003,244.50000000000003], [-5.46,5.46]","N2, N3, N10, N11, N13, N14, N16",0.0,0.8119118677190721,0.9591836734693877,1,177.01198667228897,4937,1134,0.3888888888888889,0.0012100454394164202,141,147
"[1.75,18.375], [-35.7669,35.7669], [-22.606150000000003,22.606150000000003], [-138.0,138.0], [-19.04,38.04], [-281.8,285.8], [1.9000000000000004,12.1], [22.0923613963039,37.07400410677618]","N7, N9, N10, N11, N12, N14, N15, N17",0.0,0.0649556775687279,0.5787932044522555,1,167.90001316047773,4993,1144,0.4444444444444444,0.0009971412637988595,988,1707
"[7.375,14.625], [-27.77327,27.77327], [-6.935,6.935], [1.9000000000000004,12.1], [-1.8326345311764918,37.07400410677618]","N7, N10, N13, N15, N17",0.0,0.08643468440941249,0.6128266033254157,1,145.79755794773322,4993,1145,0.2777777777777778,0.0010017733459002382,1032,1684
"[-514.22,960.22], [7.375,15.0], [-33.1175,33.1175], [23.28,60.72], [-6.935,5.32]","N6, N7, N9, N12, N13",0.0,1.0,1.0,7,145.66213275514545,4993,1152,0.2777777777777778,0.006320136067060357,302,302
"[-4.395,12.395], [21.476425,83.301175], [-183.60279,11.133389999999991], [-619.9000000000001,943.9000000000001], [7.0,14.625], [-27.77327,27.77327], [-5.32,6.935], [-239.39999999999998,259.4], [1.9000000000000004,12.1], [-1.8326345311764918,37.07400410677618]","N3, N4, N5, N6, N7, N10, N13, N14, N15, N17",0.0,0.07336379639891799,0.5930568948891032,1,150.07992742281692,4993,1152,0.5555555555555556,0.0010732432483889934,615,1037
"[-7.050000000000001,7.46], [-1.0950000000000006,11.095], [24.923125,56.311075], [-2.0,24.0], [-4.839052427845585,5.030947572154416], [17.697864476386037,35.47119780971937]","N0, N3, N4, N12, N16, N17",1.0,0.3552876892696089,0.813047711781889,1,107.75646196533577,4989,1166,0.3333333333333333,0.0007366179987019825,835,1027
"[12.07,36.587393633457914], [3.5,18.375], [-195.5,137.5], [-6.930000000000001,6.930000000000001]","N0, N7, N11, N16",0.0,0.8199904273501579,0.9610849056603774,1,150.79731336617687,4981,1171,0.2222222222222222,0.0010852159433460851,815,848
"[-7.050000000000001,7.44], [42.0,100.0], [1977.76,2020.76], [-191.06183499999997,-4.220365000000001], [-4.541385109022318,7.208614890977682], [25.22286889456293,121.92911741128975], [71.00729432166852,136.6982514666251], [-35.64425279221049,39.23574720778951], [-3.625745255423737,7.574254744576264]","N0, N1, N2, N5, N7, N8, N10, N12, N15",1.0,0.5778190126299013,0.8961038961038961,1,110.42126140757384,4948,1177,0.5,0.0007548344397049825,69,77
"[-3.4400000000000004,7.44], [42.0,100.0], [1995.1,2046.9], [8.850124999999998,47.847275], [-5.25,7.25], [44.30553555256579,101.14385555256578], [2.8200000000000003,11.18], [30.064155428564792,45.357488761898125]","N0, N1, N2, N4, N7, N10, N13, N17",1.0,0.8980486590667307,0.9787234042553191,1,151.98998318788304,4956,1180,0.4444444444444444,0.0010389962253458394,46,47
"[-7.050000000000001,15.05], [42.0,143.0], [3.17,12.83], [26.642924999999998,58.030875], [-22.5199,22.5199], [-110.28242212715136,149.989353308666], [-4.8,6.8], [30.064155428564792,35.47119780971937]","N0, N1, N3, N4, N9, N11, N15, N17",1.0,0.39660366127440716,0.8311345646437994,1,168.28371835508023,4992,1191,0.4444444444444444,0.0011711237386589476,315,379
"[12.07,36.587393633457914], [31.628875,72.528325], [3.5,18.375], [-44.37745,44.37745], [-195.5,137.5], [-19.04,52.2], [-6.930000000000001,6.930000000000001]","N0, N4, N7, N9, N11, N12, N16",0.0,0.8048796911851293,0.9575163398692811,1,179.76290559449595,4969,1207,0.3888888888888889,0.0011555283007748888,586,612
"[1977.76,2027.65], [9.295,24.705], [-27.67112755930456,201.23209], [56.63482761128223,152.01322761128222], [48.857211466625095,136.6982514666251], [14.700881317924336,43.63421465125767]","N2, N3, N5, N9, N10, N17",1.0,0.30516377786610016,0.7886904761904762,1,128.73960789989,4956,1210,0.3333333333333333,0.0008800577765387418,265,336
"[12.07,21.93], [9.665,17.164748144088378], [-35.52395,27.77327], [1.9000000000000004,16.4]","N0, N3, N10, N15",0.0,0.8286212800087276,0.9630996309963099,2,197.01210205168826,4937,1233,0.2222222222222222,0.0026935305351816377,261,271
"[-7.050000000000001,7.44], [42.0,125.0], [1994.35,2020.76], [6.495910000000009,201.23209], [25.22286889456293,121.92911741128975], [56.63482761128223,152.01322761128222], [-1.7000000000000002,7.574254744576264]","N0, N1, N2, N5, N8, N9, N15",1.0,0.49086746767059214,0.8673469387755102,1,117.68890671318567,4956,1239,0.3888888888888889,0.0008045157139659898,340,392
"[-3.0,100.0], [1977.76,2027.65], [9.295,24.705], [-786.24,822.24], [-4.541385109022318,7.208614890977682], [71.00729432166852,101.14385555256578], [358.7167722941533,625.3167722941533], [-3.625745255423737,3.7], [12.062256824383876,36.448923491050536]","N1, N2, N3, N6, N7, N10, N14, N15, N17",1.0,0.5963713280568906,0.9017857142857143,1,128.58279776231709,4956,1239,0.5,0.0008789858299695207,101,112
"[42.0,100.0], [1977.76,2020.76], [0.28975183142540306,7.25], [71.00729432166852,101.14385555256578], [-2.269007325701611,11.18], [217.65404395420967,813.8525002126446], [0.09524816857459673,8.075248168574596]","N1, N2, N7, N10, N13, N14, N16",1.0,0.5784395893234237,0.8962962962962963,1,142.30028017449848,4884,1241,0.3888888888888889,0.0009727578809203142,121,135
"[10.649999999999999,21.93], [-47.0,112.0], [1.75,23.125], [-20.53285,20.53285], [-39.39929,39.39929], [-17.92,55.92], [-5.565,3.6750000000000003]","N0, N1, N7, N9, N10, N12, N16",0.0,0.6983816060511742,0.930718954248366,1,179.20184170274177,4993,1249,0.3888888888888889,0.0012009152371827397,712,765
"[12.07,36.587393633457914], [-47.0,79.0], [-5.67,7.67], [-542.8715253789676,1426.39], [3.5,18.375], [-0.09999999999999964,12.1], [-6.930000000000001,6.930000000000001], [22.0923613963039,39.92751540041068]","N0, N1, N3, N6, N7, N15, N16, N17",0.0,0.8020181627555494,0.9568345323741008,1,145.29888419186364,4981,1258,0.4444444444444444,0.0009923196616792133,266,278
"[-3.4400000000000004,7.44], [42.0,100.0], [-4.541385109022318,7.25], [48.857211466625095,101.14385555256578], [162.64739160605302,461.647391606053], [2.8200000000000003,11.18], [217.65404395420967,813.8525002126446], [-2.4601882778425757,5.1398117221574235], [9.8735871498915,38.806920483224836]","N0, N1, N7, N10, N11, N13, N14, N15, N17",1.0,0.7974924129261606,0.9557522123893806,1,145.57579371256128,4956,1266,0.5,0.00099514913415119,108,113
"[-110.28242212715136,149.989353308666], [-2.0,24.0], [-0.1558281168321809,4.844171883167819], [-4.839052427845585,5.030947572154416], [17.697864476386037,35.47119780971937]","N11, N12, N15, N16, N17",1.0,0.26896333692494756,0.7690217391304348,1,101.70567537575923,4989,1269,0.2777777777777778,0.0006952551121808893,1132,1472
"[-7.050000000000001,15.05], [42.0,143.0], [-1.0950000000000006,12.83], [24.923125,58.030875], [-22.5199,22.5199], [-4.8,6.8]","N0, N1, N3, N4, N9, N15",1.0,0.31948841476008805,0.795959595959596,2,153.58410316613214,4992,1269,0.3333333333333333,0.002012336116689976,788,990
"[-7.050000000000001,15.05], [42.0,143.0], [-1.0950000000000006,12.83], [24.923125,58.030875], [-22.5199,22.5199], [1.1164799203861921,11.376479920386194], [-4.8,6.8], [27.131164673530076,43.25116467353007]","N0, N1, N3, N4, N9, N13, N15, N17",1.0,0.6914732239657974,0.9288702928870293,1,178.30207593750657,4992,1289,0.4444444444444444,0.0012398885277406031,222,239
"[34.87411673499359,37.335775], [-100.25,118.25], [-19.04,55.92], [-286.3694342660564,259.9], [5.306293389161492,8.0], [-3.885,3.885]","N4, N11, N12, N14, N15, N16",0.0,0.03125,0.5,1,171.76,3274,1293,0.3333333333333333,0.0011741431107653967,3,6
"[5.199999999999999,21.93], [-7.0,75.0], [0.7200000000000006,17.28], [-660.3900000000001,1426.39], [3.625,18.375], [-6.555000000000001,6.555000000000001]","N0, N1, N3, N6, N7, N13",0.0,0.33744831053946955,0.8047138047138047,2,166.77679845169845,4993,1293,0.3333333333333333,0.0019899242154477544,956,1188
"[3.295,17.164748144088378], [21.422274999999992,73.735525], [3.0,18.5], [37.603474999999996,125.89502499999999], [-195.5,167.75], [3.5999999999999996,16.4], [20.8676386036961,42.11199178644764]","N3, N4, N7, N8, N11, N15, N17",0.0,0.46391345917138144,0.8576051779935275,1,167.0140546939803,4937,1297,0.3888888888888889,0.0011417000565901966,265,309
"[-53.18925,5.782050000000002], [1.75,20.25], [-286.3694342660564,285.8], [1.9000000000000004,12.1]","N4, N7, N14, N15",0.0,0.08439535010645538,0.6099071207430341,1,95.31705103094997,4981,1312,0.2222222222222222,0.0006515827829905896,197,323
"[-22.5199,22.5199], [-110.28242212715136,149.989353308666], [-4.8,6.8], [-4.839052427845585,5.030947572154416]","N9, N11, N15, N16",1.0,0.08010610380882661,0.6035776110790536,1,113.26633986465126,4982,1313,0.2222222222222222,0.0007615990150457333,1046,1733
"[-7.050000000000001,7.46], [24.923125,58.030875], [-4.8,6.8], [17.697864476386037,35.47119780971937]","N0, N4, N15, N17",1.0,0.4090180750632118,0.8362738179251941,2,131.91249422087623,4992,1317,0.2222222222222222,0.0016869846739041522,1185,1417
"[-22.999999999999996,112.0], [1998.83,2033.73], [3.0,13.0], [21.79397500000001,134.130025], [37.29303,131.59296999999998], [-165.75,167.75], [-5.89,3.1350000000000002], [3.5999999999999996,16.4], [-6.930000000000001,7.56], [12.931841204654345,42.11199178644764]","N1, N2, N7, N8, N10, N11, N13, N15, N16, N17",0.0,0.27277020184727285,0.7711864406779662,1,103.57892233897824,4935,1325,0.5555555555555556,0.0007080605384537457,91,118
"[2012.16,2043.53], [3.295,17.164748144088378], [-78.65603499999999,124.339705], [-19.04,52.2], [-277.70000000000005,266.1], [1.9000000000000004,12.1], [-3.255,3.255]","N2, N3, N5, N12, N14, N15, N16",0.0,0.12681048276881982,0.6616541353383458,1,117.22034163253426,4937,1331,0.3888888888888889,0.0008013126255787513,176,266
"[1977.76,2020.76], [9.295,24.705], [48.857211466625095,101.14385555256578], [-4.524338272455929,5.355661727544072], [-3.625745255423737,7.574254744576264], [16.38366313710005,46.97032980376671]","N2, N3, N10, N13, N15, N17",1.0,0.19474494400297804,0.7209302325581395,1,136.323464802882,4884,1334,0.3333333333333333,0.00093190065809253,155,215
"[-3.4400000000000004,7.44], [18.0,100.0], [9.295,26.828891131916887], [-33.90115,36.48395000000001], [-808.58,844.58], [0.28975183142540306,7.539751831425402], [52.37029999999999,120.0797], [71.38257873001385,130.99407873001385], [50.95334525149471,145.2532852514947], [107.57467857440929,303.0746785744093], [-2.269007325701611,11.18], [217.65404395420967,656.2540439542097], [0.09524816857459673,8.075248168574596]","N0, N1, N3, N4, N6, N7, N8, N9, N10, N11, N13, N14, N16",1.0,0.6084367177625873,0.9054054054054054,1,150.42614481482838,4857,1334,0.7222222222222222,0.0010283059013351692,67,74
"[1977.76,2020.76], [9.295,24.705], [10.634224999999997,49.631375000000006], [25.22286889456293,121.92911741128975], [48.857211466625095,136.6982514666251], [418.2525002126445,813.8525002126446]","N2, N3, N4, N8, N10, N14",1.0,0.7385081737104511,0.9411764705882353,1,142.6179858282354,4956,1338,0.3333333333333333,0.0009749297015105937,64,68
"[3.5,15.0], [-33.1175,33.1175], [9.959999999999999,60.72], [-6.935,5.32]","N7, N9, N12, N13",0.0,0.8599564628482884,0.970276008492569,2,173.44143778869906,4993,1339,0.2222222222222222,0.0022095558430297838,914,942
"[-514.22,960.22], [7.375,18.375], [-115.5,157.25], [22.0923613963039,39.92751540041068]","N6, N7, N11, N17",0.0,0.07038364742851318,0.5881584675663909,1,146.38415741637104,4993,1339,0.2222222222222222,0.0010427571479800879,1351,2297
"[-27.000000000000004,29.000000000000004], [-53.18925,5.782050000000002], [-130.90994,37.51054]","N1, N4, N5",0.0,1.0,1.0,3,91.0461759259365,4896,1347,0.16666666666666666,0.0018671618576788424,47,47
"[1977.76,2027.65], [9.295,24.705], [-44.50336496299773,121.92911741128975], [56.63482761128223,152.01322761128222], [418.2525002126445,813.8525002126446]","N2, N3, N8, N9, N14",1.0,0.6658251387998462,0.921875,1,128.45157351207652,4956,1349,0.2777777777777778,0.0008780887872972728,118,128
"[5.975,25.17818379625809], [-70.761325,100.29072500000001], [-6.555000000000001,3.1350000000000002], [-286.3694342660564,259.9], [1.9000000000000004,12.1], [-6.930000000000001,7.140000000000001], [12.931841204654345,36.49184120465434]","N3, N5, N13, N14, N15, N16, N17",0.0,0.08086504289753386,0.6047169811320755,1,141.2075348834221,4993,1354,0.3888888888888889,0.0011109065806282172,641,1060
"[3.5,15.0], [-33.1175,33.1175], [-119.75,121.75], [9.959999999999999,60.72], [-6.935,5.32]","N7, N9, N11, N12, N13",0.0,0.8595357081687544,0.9701810436634718,1,173.44143778869906,4993,1355,0.2777777777777778,0.0011047779215148919,911,939
"[10.649999999999999,21.93], [-47.0,112.0], [1.75,23.125], [-20.53285,20.53285], [-39.39929,36.268600481516295], [-17.92,55.92], [-5.565,3.6750000000000003]","N0, N1, N7, N9, N10, N12, N16",0.0,0.6885620283678467,0.9280868385345997,1,179.20184170274177,4993,1360,0.3888888888888889,0.0012009152371827397,684,737
"[1998.83,2035.84], [-115.5,167.75], [9.959999999999999,38.04], [22.0923613963039,39.92751540041068]","N2, N11, N12, N17",0.0,0.9268617815777294,0.9849246231155779,1,176.32051264717256,4981,1381,0.2222222222222222,0.0011357978007400038,392,398
"[16.875,23.125], [-17.88345,47.026849999999996], [-40.691069999999996,40.691069999999996], [-195.5,137.5], [-107.5,315.70000000000005], [-5.565,6.930000000000001]","N7, N9, N10, N11, N14, N16",0.0,0.9735464745029891,0.9946524064171123,1,167.1700621008672,4915,1383,0.3333333333333333,0.0011427665157310012,186,187
"[10.649999999999999,36.587393633457914], [41.618775,129.333225], [-47.026849999999996,17.88345], [-19.04,52.2], [1.9000000000000004,12.1], [-6.930000000000001,11.009280467217206]","N0, N8, N9, N12, N15, N16",0.0,0.9008757573026495,0.9793388429752066,1,176.9140680706824,4981,1383,0.3333333333333333,0.001209376072558641,237,242
"[-3.4400000000000004,7.44], [18.0,100.0], [-33.90115,36.48395000000001], [0.28975183142540306,7.539751831425402], [81.44293734955994,142.37913734955995], [107.57467857440929,303.0746785744093], [217.65404395420967,656.2540439542097]","N0, N1, N4, N7, N9, N11, N14",1.0,0.6173610037633398,0.9080459770114943,1,150.3058934837894,4857,1384,0.3888888888888889,0.0010274838690115793,79,87
"[5.199999999999999,21.93], [-7.0,75.0], [0.7200000000000006,17.28], [-660.3900000000001,1426.39], [3.625,18.5], [37.603474999999996,119.16252499999999], [-20.52,32.519999999999996], [-6.555000000000001,6.555000000000001]","N0, N1, N3, N6, N7, N8, N12, N13",0.0,0.3694149729408147,0.8194130925507901,1,146.2799635756764,4981,1387,0.4444444444444444,0.0009999628055157989,363,443
"[-7.050000000000001,7.46], [13.0,73.0], [-2.269007325701611,11.18]","N0, N1, N13",1.0,0.37089107916241565,0.820066889632107,1,120.8560484598858,4992,1391,0.16666666666666666,0.0008261661428359563,1226,1495
"[-7.050000000000001,7.46], [10.399999999999999,19.6], [-639.3900000000001,857.3900000000001], [-2.0,24.0], [-1.6442520383323918,5.765747961667609]","N0, N3, N6, N12, N13",1.0,0.3082732925064467,0.7902912621359224,1,134.15910712399983,4992,1414,0.2777777777777778,0.0008626895093347556,407,515
"[-3.4400000000000004,7.44], [1977.76,2046.9], [9.295,24.705], [56.63482761128223,152.01322761128222], [44.30553555256579,101.14385555256578], [418.2525002126445,813.8525002126446]","N0, N2, N3, N9, N10, N14",1.0,0.6830844188749865,0.926605504587156,1,131.95283176393679,4956,1422,0.3333333333333333,0.0009020232205496728,101,109
"[-7.050000000000001,7.44], [1964.6953288333439,2027.65], [9.295,24.705], [25.22286889456293,121.92911741128975], [418.2525002126445,813.8525002126446]","N0, N2, N3, N8, N14",1.0,0.6748832023780954,0.9243697478991597,1,130.92683982085467,4956,1433,0.2777777777777778,0.0008950095889027779,110,119
"[-4.9,18.9], [-660.3900000000001,1426.39], [3.5,18.5], [53.225449999999995,96.94055], [-78.625,168.625], [-20.52,32.519999999999996], [-3.4650000000000003,3.4650000000000003]","N0, N6, N7, N9, N11, N12, N16",0.0,0.0726121990249135,0.5918367346938775,1,120.82383289619675,4945,1434,0.3888888888888889,0.0008259459187898168,203,343
"[-2.75,22.75], [1992.47,2035.84], [-15.133505,124.339705], [5.375,16.625], [-28.375,167.75], [9.959999999999999,44.36], [-3.255,3.255], [22.0923613963039,39.92751540041068]","N0, N2, N5, N7, N11, N12, N16, N17",0.0,0.9142159160416332,0.9822222222222222,1,192.06719543332088,4937,1438,0.4444444444444444,0.0012703522598018061,221,225
"[-9.75,15.75], [1977.76,2016.24], [-3.4400000000000004,9.440000000000001], [-3.625,9.625], [-2.0,24.0]","N0, N2, N3, N7, N12",1.0,0.3422065508141869,0.806970509383378,1,126.10078112111884,4948,1455,0.2777777777777778,0.0008620188834157947,301,373
"[-4.395,12.395], [-183.60279,11.133389999999991], [7.0,15.0], [-33.1175,33.1175], [-86.25,86.25], [23.28,60.72], [-5.32,5.32], [-239.39999999999998,259.4], [3.0,9.0], [-3.6750000000000003,3.6750000000000003]","N3, N5, N7, N9, N11, N12, N13, N14, N15, N16",0.0,1.0,1.0,2,140.4748907824009,4993,1459,0.5555555555555556,0.0019205592134103116,81,81
"[-7.050000000000001,7.46], [3.135,14.865], [6.75,15.25], [-45.85818999999999,45.85818999999999], [-2.0,24.0], [19.21440453651828,50.21440453651828]","N0, N3, N7, N10, N12, N17",1.0,0.30747837196967365,0.7898832684824902,1,147.84373874304475,4992,1470,0.3333333333333333,0.0009796238649680807,609,771
"[-7.050000000000001,7.46], [3.135,14.865], [-23.082749999999997,23.082749999999997], [-45.85818999999999,45.85818999999999], [-2.0,24.0]","N0, N3, N8, N10, N12",1.0,0.3133475705365625,0.7928759894459103,1,147.75726971461776,4992,1470,0.2777777777777778,0.0009788849923113056,601,758
"[-15.133505,124.339705], [-195.5,138.375], [-277.70000000000005,266.1], [1.9000000000000004,12.1]","N5, N11, N14, N15",0.0,0.07403464135906832,0.5941375422773394,1,133.78853560344965,4993,1478,0.2222222222222222,0.0009236501917818994,1054,1774
"[18.0,100.0], [1977.76,2027.65], [-33.90115,36.48395000000001], [0.28975183142540306,7.539751831425402], [-31.135744505723792,40.62425549427621], [-2.269007325701611,4.950992674298389], [217.65404395420967,813.8525002126446]","N1, N2, N4, N7, N12, N13, N14",1.0,0.4299422645166627,0.8446601941747572,1,140.69707834849777,4941,1480,0.3888888888888889,0.0009617984702358403,87,103
"[3.295,17.164748144088378], [3.0,18.5], [-20.52,50.800000000000004], [-90.19999999999999,288.2], [3.5999999999999996,16.4], [20.8676386036961,42.11199178644764]","N3, N7, N12, N14, N15, N17",0.0,0.3214989082146305,0.7969588550983899,1,176.8604782512983,4993,1493,0.3333333333333333,0.0011618394361480493,891,1118
"[-3.4400000000000004,7.44], [18.0,100.0], [1977.76,2020.76], [-33.90115,36.48395000000001], [-674.54,710.54], [25.22286889456293,121.92911741128975], [48.857211466625095,136.6982514666251], [313.03782685067927,725.8378268506792]","N0, N1, N2, N4, N6, N8, N10, N14",1.0,0.7301033883050418,0.9390243902439024,1,149.3770293575459,4956,1495,0.4444444444444444,0.0010211341984557693,77,82
"[-7.050000000000001,15.05], [42.0,143.0], [3.17,12.83], [26.642924999999998,58.030875], [-22.5199,22.5199], [-162.82341930672527,149.989353308666], [-15.400000000000002,31.400000000000002], [-4.8,6.8], [30.064155428564792,35.47119780971937]","N0, N1, N3, N4, N9, N11, N12, N15, N17",1.0,0.4078048674350148,0.8357771260997068,1,168.28371835508023,4992,1506,0.5,0.0011711237386589476,285,341
"[42.0,143.0], [26.642924999999998,58.030875], [-22.5199,22.5199], [-110.28242212715136,149.989353308666], [-4.8,6.8], [30.064155428564792,35.47119780971937]","N1, N4, N9, N11, N15, N17",1.0,0.30081014554501007,0.7864271457085829,1,155.02014017372494,4992,1506,0.3333333333333333,0.0010294531395513944,394,501
"[1998.83,2035.84], [41.883500000000005,108.11850000000001], [-115.5,167.75], [9.959999999999999,38.04], [22.0923613963039,39.92751540041068]","N2, N9, N11, N12, N17",0.0,0.8659788245406697,0.9716312056737588,1,133.52303138451379,4945,1533,0.2777777777777778,0.0009127570297428896,137,141
"[-7.050000000000001,15.05], [85.9039957975212,100.0], [3.585930359924268,7.25], [81.44293734955994,142.37913734955995], [44.30553555256579,101.14385555256578], [-142.28574152129715,219.96425847870285], [0.09524816857459673,8.075248168574596]","N0, N1, N7, N9, N10, N11, N16",1.0,0.07385081737104511,0.9411764705882353,1,85.5330740260783,1547,1547,0.3888888888888889,0.0005846999860870198,0,0
"[-10.611490510847474,18.50850948915253], [0.09524816857459673,8.075248168574596]","N12, N16",1.0,0.4363836034818073,0.8471760797342193,1,131.7279971591239,4992,1547,0.1111111111111111,0.0008419158206356101,1275,1505
"[10.649999999999999,29.35], [-383.15999999999997,689.16], [-153.25,167.75], [-17.92,52.2], [1.9000000000000004,6.7], [-6.72,6.72], [18.769199178644765,31.169199178644764]","N0, N6, N11, N12, N15, N16, N17",0.0,0.46082255163388747,0.8564593301435407,1,147.26323687838044,4937,1549,0.3888888888888889,0.0010066844145887465,179,209
"[-4.395,12.395], [-183.60279,87.203585], [9.959999999999999,60.72], [-3.6750000000000003,3.6750000000000003], [31.116892539356606,57.1568925393566]","N3, N5, N12, N16, N17",0.0,0.8782030639030666,0.9743589743589743,1,153.94963009055263,4933,1553,0.2777777777777778,0.0010432264069579927,342,351
"[9.295,24.705], [-117.25,441.25], [56.63482761128223,152.01322761128222], [46.25960136339445,119.89106136339446]","N3, N6, N9, N10",1.0,0.26542958798229027,0.7669902912621359,1,131.14263666725066,4956,1562,0.2222222222222222,0.0008964847657805186,237,309
"[-15.133505,124.339705], [-33.1175,33.1175], [9.959999999999999,60.72], [-3.255,3.255]","N5, N9, N12, N16",0.0,0.8950298417238932,0.9780645161290322,2,176.18359052181953,4993,1565,0.2222222222222222,0.0024600772817678427,758,775
"[-7.050000000000001,7.46], [-1.0950000000000006,11.095], [24.923125,56.311075], [-33.8547,33.8547], [-2.0,24.0], [-4.839052427845585,5.030947572154416], [17.697864476386037,35.47119780971937]","N0, N3, N4, N8, N12, N16, N17",1.0,0.265615954619909,0.767097966728281,1,134.65490344814302,4971,1575,0.3888888888888889,0.0009204944528086678,415,541
"[58.554050000000004,107.56795000000001], [-115.5,167.75], [9.959999999999999,60.72], [-7.665,7.665], [22.0923613963039,39.92751540041068]","N9, N11, N12, N16, N17",0.0,0.8613409880361191,0.9705882352941176,1,133.523030854336,4945,1584,0.2777777777777778,0.0009127570261186198,132,136
"[-7.050000000000001,15.05], [42.0,143.0], [-39.3055,-12.673299999999998], [1147.24,1772.76], [-22.5199,22.5199], [-216.5760094623846,149.989353308666], [-2.0,24.0], [-6.935,6.935], [-4.839052427845585,5.030947572154416], [30.064155428564792,35.47119780971937]","N0, N1, N4, N6, N9, N11, N12, N13, N16, N17",1.0,0.28462802079628785,0.7777777777777778,1,109.93037655343105,4238,1586,0.5555555555555556,0.0007514787744181239,14,18
"[9.295,24.705], [48.857211466625095,136.6982514666251], [217.65404395420967,813.8525002126446]","N3, N10, N14",1.0,0.5114738247078617,0.8745098039215686,1,125.90641660397935,4956,1590,0.16666666666666666,0.0008606902169115063,223,255
"[-7.050000000000001,7.44], [42.0,100.0], [1977.76,2020.76], [-191.06183499999997,-4.220365000000001], [-634.8599999999999,660.8599999999999], [-4.541385109022318,7.208614890977682], [25.22286889456293,121.92911741128975], [71.00729432166852,136.6982514666251], [-35.64425279221049,39.23574720778951], [-3.625745255423737,7.574254744576264]","N0, N1, N2, N5, N6, N7, N8, N10, N12, N15",1.0,0.620921323059155,0.9090909090909091,3,126.18848722101097,4948,1597,0.5555555555555556,0.00258785531430701,40,44
"[1951.76,1990.24], [-15.133505,124.339705], [-195.5,195.5], [3.5999999999999996,16.4]","N2, N5, N11, N15",0.0,0.2212506316126863,0.7395659432387313,1,130.77042817207104,4993,1601,0.2222222222222222,0.001015677500017912,443,599
"[12.07,21.93], [28.459149999999998,72.21205], [-33.1175,33.1175], [9.959999999999999,60.72], [6.6,13.4], [-3.255,3.255]","N0, N4, N9, N12, N15, N16",0.0,1.0,1.0,2,204.5734767500049,4915,1601,0.3333333333333333,0.002773975407817465,270,270
"[-130.90994,37.51054], [3.0,13.0], [75.11297499999999,125.89502499999999], [3.5999999999999996,16.4]","N5, N7, N8, N15",0.0,0.21286219479551413,0.7338709677419355,1,136.91157280090442,4895,1611,0.2222222222222222,0.0009359209361215476,91,124
"[-3.4400000000000004,7.44], [18.0,100.0], [1977.76,2020.76], [-674.54,801.561497501853], [25.22286889456293,121.92911741128975], [48.857211466625095,136.6982514666251]","N0, N1, N2, N6, N8, N10",1.0,0.4999814107765673,0.8705440900562852,1,110.4945692608957,4956,1620,0.3333333333333333,0.0007553355686694845,464,533
"[10.649999999999999,36.587393633457914], [1982.91,2025.09], [3.295,17.164748144088378], [-44.37745,47.026849999999996], [-19.04,52.2], [-6.930000000000001,6.930000000000001], [22.0923613963039,39.92751540041068]","N0, N2, N3, N9, N12, N16, N17",0.0,0.758795651470645,0.9462915601023018,1,196.5496529759075,4955,1640,0.3888888888888889,0.0013012838383554888,370,391
"[-7.050000000000001,7.46], [40.0,148.0], [-58.31030164213631,70.63662835786367], [-45.85818999999999,45.85818999999999], [-2.0,24.0]","N0, N1, N5, N10, N12",1.0,0.5001081937688091,0.8705882352941177,1,146.15619807984294,4992,1641,0.2777777777777778,0.0009652039313118532,666,765
"[-12.0,112.0], [3.295,17.164748144088378], [-78.65603499999999,108.185435], [-351.82000000000005,675.82], [23.125,27.83688676650724], [-47.026849999999996,47.026849999999996], [-35.52395,27.77327], [-19.04,52.2], [-6.935,6.935], [-5.565,5.565]","N1, N3, N5, N6, N7, N9, N10, N12, N13, N16",0.0,1.0,1.0,1,100.44,3770,1642,0.5555555555555556,0.0006866030160996533,6,6
"[-3.4400000000000004,7.44], [9.295,29.018099264170765]","N0, N3",1.0,0.2750776199559605,0.7724867724867724,1,135.45503631105774,4992,1664,0.1111111111111111,0.0008737631464375723,584,756
"[1977.76,2027.65], [-33.90115,36.48395000000001], [0.28975183142540306,7.539751831425402], [50.95334525149471,145.2532852514947]","N2, N4, N7, N10",1.0,0.39417899616609786,0.8301158301158301,1,116.63126400873163,4956,1667,0.2222222222222222,0.0007972857192344692,215,259
"[26.642924999999998,58.030875], [-2.0,24.0], [30.064155428564792,35.47119780971937]","N4, N12, N17",1.0,0.09909227596593369,0.6298076923076923,1,160.86703515802952,4992,1669,0.16666666666666666,0.00109190484783248,524,832
"[42.0,143.0], [-110.28242212715136,149.989353308666], [-4.8,6.8], [-4.839052427845585,5.030947572154416], [17.697864476386037,45.357488761898125]","N1, N11, N15, N16, N17",1.0,0.18469291731106835,0.7133292757151553,1,125.10142635729443,4989,1669,0.2777777777777778,0.0007350936956951684,1172,1643
"[-27.000000000000004,29.000000000000004], [-130.90994,37.51054], [1.75,20.25], [-52.3209,52.3209], [-39.39929,39.39929], [-3.255,3.255]","N1, N5, N7, N8, N10, N16",0.0,0.6301063901153425,0.9117647058823529,2,130.79109872915723,4979,1678,0.3333333333333333,0.0018130461085950197,403,442
"[-7.050000000000001,7.46], [-1.0950000000000006,11.095], [24.923125,56.311075], [-338.48,644.48], [-2.0,24.0], [-4.839052427845585,5.030947572154416], [17.697864476386037,35.47119780971937]","N0, N3, N4, N6, N12, N16, N17",1.0,0.3409466807346481,0.8063754427390791,1,107.38957960623293,4989,1704,0.3888888888888889,0.0007341100085156646,683,847
"[-7.050000000000001,7.46], [24.923125,56.311075], [-338.48,644.48], [-2.0,24.0], [-4.839052427845585,5.030947572154416]","N0, N4, N6, N12, N16",1.0,0.30744692243038185,0.7898671096345515,1,105.50696421898559,4989,1721,0.2777777777777778,0.0007212405401460942,951,1204
"[-183.60279,124.339705], [7.0,15.0], [-33.1175,33.1175], [-25.8356,25.8356], [-86.25,86.25], [23.28,60.72], [-239.39999999999998,259.4], [3.0,13.804003156778705]","N5, N7, N9, N10, N11, N12, N14, N15",0.0,1.0,1.0,1,150.01197704555824,4993,1731,0.4444444444444444,0.0009400457393290286,143,143
"[2.59,27.41], [-27.000000000000004,29.000000000000004], [-2.865,8.865], [1.75,20.25], [-52.3209,52.3209], [-6.935,5.32], [2.2,13.8], [-1.8326345311764918,37.07400410677618]","N0, N1, N3, N7, N8, N13, N15, N17",0.0,0.46554879828166185,0.8582089552238806,1,129.84273306439997,4896,1756,0.4444444444444444,0.0008963933947092656,115,134
"[10.649999999999999,36.587393633457914], [41.618775,129.333225], [-47.026849999999996,17.88345], [-19.04,52.2], [-107.5,107.5], [1.9000000000000004,12.1], [-6.930000000000001,5.565]","N0, N8, N9, N12, N14, N15, N16",0.0,0.8833128429506915,0.9754901960784313,1,176.9140687581261,4981,1767,0.3888888888888889,0.001209376077257973,199,204
"[-12.0,112.0], [-78.65603499999999,108.185435], [16.875,23.125], [-166.75,166.75], [-19.04,52.2], [-5.565,11.009280467217206], [23.52476386036961,35.09809719370294]","N1, N5, N7, N11, N12, N16, N17",0.0,1.0,1.0,1,188.36490348024785,4915,1767,0.3888888888888889,0.0012876534334613527,83,83
"[-7.050000000000001,7.46], [-1.875,3.875], [-21.85755,21.85755], [-45.85818999999999,45.85818999999999], [-2.0,24.0], [17.697864476386037,35.47119780971937]","N0, N3, N9, N10, N12, N17",1.0,0.2266170619465376,0.7431192660550459,1,102.82575209918784,4853,1768,0.3333333333333333,0.000702911902867559,162,218
"[-7.050000000000001,7.44], [42.0,125.0], [1977.76,2020.76], [10.307449999999996,80.69255000000001], [-191.06183499999997,-4.220365000000001], [-5.25,7.208614890977682], [56.63482761128223,152.01322761128222], [-35.64425279221049,39.23574720778951], [-3.625745255423737,7.574254744576264]","N0, N1, N2, N4, N5, N7, N9, N12, N15",1.0,0.5277319168,0.88,1,119.73131574902816,4948,1771,0.5,0.0008184775240428381,44,50
"[-22.999999999999996,112.0], [1998.83,2029.17], [21.422274999999992,73.735525], [-660.3900000000001,1733.4721529683075], [3.5,18.5], [-20.52,32.519999999999996], [-3.1350000000000002,3.1350000000000002]","N1, N2, N4, N6, N7, N12, N13",0.0,0.08834480942113726,0.6155115511551155,1,170.2450893826196,4937,1778,0.3888888888888889,0.001083883673680017,373,606
"[5.199999999999999,21.93], [15.147251564267865,18.375]","N0, N7",0.0,0.94899049205054,0.9895833333333334,1,195.9921391257322,4851,1792,0.1111111111111111,0.001339792850015438,95,96
"[21.422274999999992,73.735525], [3.0,18.5], [42.858130588189155,125.89502499999999], [-165.75,167.75], [-20.52,50.800000000000004], [-11.337540848113559,3.705], [3.5999999999999996,16.4], [20.8676386036961,42.11199178644764]","N4, N7, N8, N11, N12, N13, N15, N17",0.0,0.51411125319887,0.8754098360655738,1,160.10080363578004,4937,1806,0.4444444444444444,0.0010944414043837607,267,305
"[-3.4400000000000004,7.44], [9.295,24.705], [56.63482761128223,152.01322761128222], [46.25960136339445,119.89106136339446], [107.57467857440929,303.0746785744093], [-2.269007325701611,11.18], [0.09524816857459673,8.075248168574596]","N0, N3, N9, N10, N11, N13, N16",1.0,0.6126864089020575,0.9066666666666666,1,139.32943766630348,4884,1814,0.3888888888888889,0.0009524493442169714,136,150
"[18.0,100.0], [-33.90115,36.48395000000001], [-808.58,844.58], [0.28975183142540306,7.539751831425402], [107.57467857440929,303.0746785744093], [-31.135744505723792,2.552405383321485], [217.65404395420967,813.8525002126446]","N1, N4, N6, N7, N11, N12, N14",1.0,1.0,1.0,2,157.2635001655805,4941,1814,0.3888888888888889,0.002150091468261169,37,37
"[-15.133505,124.339705], [5.375,16.625], [-153.25,138.375], [-19.04,60.72], [6.216129526583814,12.1], [-3.255,3.255]","N5, N7, N11, N12, N15, N16",0.0,0.8103887718481511,0.9588235294117647,1,203.70093665102152,4993,1818,0.3333333333333333,0.0013697618800800333,326,340
"[12.07,21.93], [28.459149999999998,72.21205], [10.625,29.375], [-33.1175,33.1175], [9.959999999999999,60.72], [6.6,13.4], [-3.255,3.255]","N0, N4, N7, N9, N12, N15, N16",0.0,1.0,1.0,1,204.5734767500049,4915,1834,0.3888888888888889,0.0013869877039087324,252,252
"[-7.050000000000001,7.46], [40.0,148.0], [1977.76,2016.24], [-58.31030164213631,70.63662835786367]","N0, N1, N2, N5",1.0,0.4942285070812261,0.8685314685314686,2,153.70798775370275,4992,1846,0.2222222222222222,0.0020594670414125944,621,715
"[-98.992865,93.11174499999998], [9.959999999999999,60.72], [-3.255,7.665]","N5, N12, N16",0.0,0.8722166986120488,0.973026973026973,1,173.87634861123854,4993,1848,0.16666666666666666,0.001112036294305715,974,1001
"[-55.0,65.0], [-383.15999999999997,689.16], [-40.691069999999996,27.77327], [-153.25,137.5]","N1, N6, N10, N11",0.0,0.17477642965403017,0.7054992764109985,1,144.92826569351442,4993,1873,0.2222222222222222,0.0010000828454485593,975,1382
"[-2.75,22.75], [1992.47,2035.84], [-52.815075,34.026734999999995], [3.5,16.625], [62.53295,102.54305], [-119.75,167.75], [9.959999999999999,44.36], [-6.935,5.32], [1.7000000000000002,16.3], [22.0923613963039,39.92751540041068]","N0, N2, N5, N7, N8, N11, N12, N13, N15, N17",0.0,0.8083193429703577,0.9583333333333334,1,168.70429372237447,4945,1878,0.5555555555555556,0.001153254449410037,92,96
"[-7.050000000000001,7.486725890340882], [40.0,148.0], [1977.76,2016.24], [-58.31030164213631,70.63662835786367], [-29.238149999999997,29.238149999999997], [-21.814731824302264,30.185268175697736]","N0, N1, N2, N5, N8, N12",1.0,0.5014651808597608,0.8710601719197708,1,164.83596108872888,4992,1887,0.3333333333333333,0.0011248213847906445,304,349
"[18.0,100.0], [-808.58,844.58], [0.28975183142540306,7.539751831425402], [-31.135744505723792,2.552405383321485], [217.65404395420967,813.8525002126446]","N1, N6, N7, N12, N14",1.0,0.8632340444219574,0.9710144927536232,1,126.05084342308722,4956,1889,0.2777777777777778,0.0008616775117104424,134,138
"[-14.281632689189394,7.44], [42.0,100.0], [-5.25,7.539751831425402], [107.57467857440929,303.0746785744093], [-15.120000000000001,86.05926645403537], [595.4889001770912,656.2540439542097]","N0, N1, N7, N11, N12, N14",1.0,0.03125,0.5,1,108.0,3747,1902,0.3333333333333333,0.0007382828130103799,1,2
"[-52.815075,124.339705], [-33.1175,33.1175], [9.959999999999999,60.72], [-6.935,5.32]","N5, N9, N12, N13",0.0,0.8912741106900395,0.9772423025435074,1,169.53729713442138,4993,1904,0.2222222222222222,0.0011413008627780806,730,747
"[40.0,148.0], [1.5149999999999997,10.485], [-58.31030164213631,70.63662835786367]","N1, N3, N5",1.0,0.10069085233475115,0.6318267419962336,1,140.20126449310266,4989,1916,0.16666666666666666,0.0008963777086423025,671,1062
"[-7.050000000000001,7.46], [40.0,148.0], [1977.76,2016.24], [-58.31030164213631,70.63662835786367], [-45.85818999999999,45.85818999999999], [-2.0,24.0]","N0, N1, N2, N5, N10, N12",1.0,0.5083645849841659,0.8734439834024896,1,154.40082675296807,4992,1916,0.3333333333333333,0.0010356537883607058,421,482
"[10.649999999999999,36.587393633457914], [-383.15999999999997,689.16], [-35.52395,40.691069999999996], [-17.92,52.2], [-277.70000000000005,315.70000000000005], [1.9000000000000004,12.1]","N0, N6, N10, N12, N14, N15",0.0,0.7038836653395831,0.9321808510638298,1,181.11219146614363,4993,1930,0.3333333333333333,0.001232797706013171,701,752
"[10.649999999999999,29.35], [-55.0,65.0], [-47.026849999999996,47.026849999999996], [-195.5,137.5], [-17.92,52.2], [1.9000000000000004,12.1], [-6.930000000000001,6.930000000000001]","N0, N1, N9, N11, N12, N15, N16",0.0,0.7995713805484773,0.95625,1,184.32289579883604,4993,1930,0.3888888888888889,0.0012292282771899994,459,480
"[10.649999999999999,29.35], [16.875,23.125], [9.959999999999999,60.72], [-107.5,107.5]","N0, N7, N12, N14",0.0,1.0,1.0,1,167.1666514652196,4915,1935,0.2222222222222222,0.001142743200789519,145,145
"[-7.050000000000001,7.46], [40.0,148.0]","N0, N1",1.0,0.489568533581344,0.866887417218543,1,132.60508972726652,4992,1936,0.1111111111111111,0.0008494105239744854,1309,1510
"[81.17715,145.80885], [-35.52395,40.691069999999996], [-195.5,137.5], [-17.92,60.72], [1.9000000000000004,12.1]","N8, N10, N11, N12, N15",0.0,0.378382580852972,0.8233532934131736,1,149.26139916740658,4981,1948,0.2777777777777778,0.001020343756029427,275,334
"[-7.050000000000001,7.46], [-58.31030164213631,70.63662835786367], [-45.85818999999999,45.85818999999999], [-2.0,24.0]","N0, N5, N10, N12",1.0,0.29300872058901883,0.7823050058207218,1,140.6640540227046,4992,1953,0.2222222222222222,0.0009182738900622891,672,859
"[48.85182499999999,193.588175], [-1035.303026514055,1733.4721529683075], [3.5,13.0], [52.81675,129.75925], [-70.0,160.0], [-16.800000000000004,55.92], [2.2,13.8], [-6.930000000000001,7.56], [-1.8326345311764918,43.36476386036961]","N5, N6, N7, N8, N11, N12, N15, N16, N17",0.0,0.12412106875551551,0.6588235294117647,1,109.00342663359854,4935,1959,0.5,0.0007451421892854046,56,85
"[-7.050000000000001,7.44], [9.295,24.705], [25.22286889456293,121.92911741128975], [56.63482761128223,152.01322761128222], [46.25960136339445,119.89106136339446], [107.57467857440929,303.0746785744093], [0.09524816857459673,8.075248168574596]","N0, N3, N8, N9, N10, N11, N16",1.0,0.6040951891042576,0.9041095890410958,1,139.32943766630348,4884,1960,0.3888888888888889,0.0009524493442169714,132,146
"[-6.199999999999999,15.05], [-40.0,102.0], [24.867675,69.57172500000001], [-301.8932426952317,205.25000000000003], [-2.0,24.0], [-4.8,11.593356574659651]","N0, N1, N4, N11, N12, N15",1.0,0.11320017329611323,0.6467991169977925,1,141.02102032779152,4992,1972,0.3333333333333333,0.0008384324511044547,1172,1812
"[-2.9700000000000006,10.97], [1964.6953288333439,2027.65], [112.012312040218,119.16252499999999], [45.2812,108.8668], [-78.625,168.625], [-20.52,32.519999999999996], [-3.1350000000000002,3.1350000000000002], [-5.985,5.985]","N0, N2, N8, N9, N11, N12, N13, N16",1,1.0,1.0,1,93.33333333333333,3484,1976,0.4444444444444444,0.0006380221840830443,3,3
"[-7.050000000000001,7.46], [40.0,148.0], [1977.76,2016.24], [-45.85818999999999,45.85818999999999], [-2.0,24.0]","N0, N1, N2, N10, N12",1.0,0.5111415046458587,0.8743961352657005,1,145.2111313387895,4992,1994,0.2777777777777778,0.0009571283927462574,543,621
"[-514.22,960.22], [7.375,15.0], [23.28,60.72], [-6.935,5.32]","N6, N7, N12, N13",0.0,1.0,1.0,1,145.66213275514545,4993,2005,0.2222222222222222,0.0009028765810086224,251,251
"[-3.4400000000000004,7.44], [1977.76,2046.9], [9.295,24.705], [56.63482761128223,152.01322761128222], [12.061665932169369,101.14385555256578], [418.2525002126445,813.8525002126446]","N0, N2, N3, N9, N10, N14",1.0,0.6312239960601349,0.9120879120879121,1,131.95283172497471,4956,2006,0.3333333333333333,0.0009020232202833299,83,91
"[15.063199999999995,75.9368], [-10.611490510847474,18.50850948915253], [0.09524816857459673,8.075248168574596]","N4, N12, N16",1.0,0.4315213105966145,0.8452797202797203,2,130.77982758629975,4992,2017,0.16666666666666666,0.0016676275371176215,967,1144
"[15.063199999999995,75.9368], [2.125,19.875], [-10.611490510847474,18.50850948915253], [0.09524816857459673,8.075248168574596]","N4, N7, N12, N16",1.0,0.3941227028412743,0.8300921187308086,1,132.77768005123767,4992,2033,0.2222222222222222,0.0008508852979314275,811,977
"[16.875,23.125], [-17.88345,17.88345], [-153.25,157.25], [-19.04,52.2]","N7, N9, N11, N12",0.0,1.0,1.0,2,167.17006210086743,4915,2034,0.2222222222222222,0.0022855330314620055,143,143
"[-3.4400000000000004,7.44], [1964.6953288333439,2046.9], [9.295,24.705], [-566.67,572.67], [-4.783862081010513,11.216137918989487], [88.28619643505516,140.60709643505515], [94.44431227234493,152.01322761128222]","N0, N2, N3, N6, N7, N8, N9",1.0,0.3757907202492844,0.8222222222222222,1,120.68559768884661,4954,2042,0.3888888888888889,0.0008250009495514878,74,90
"[-3.4400000000000004,7.44], [56.63482761128223,131.53591227234494], [44.30553555256579,101.14385555256578], [-2.269007325701611,11.18], [418.2525002126445,813.8525002126446]","N0, N9, N10, N13, N14",1.0,0.6400841232809802,0.9146341463414634,1,140.9016555950986,4956,2042,0.2777777777777778,0.0009631969504682326,75,82
"[5.199999999999999,21.93], [-27.000000000000004,75.0], [-39.39929,39.39929], [-6.555000000000001,6.555000000000001], [-3.255,3.255]","N0, N1, N10, N13, N16",0.0,0.4190493709310065,0.8403361344537815,1,169.3250929231842,4993,2048,0.2777777777777778,0.0010289855815879413,800,952
"[-2.75,22.75], [-15.133505,124.339705], [3.625,18.5], [-27.77327,27.77327], [-28.375,157.25], [-17.92,44.36], [-224.10000000000002,266.1], [-3.255,3.255], [13.060848733744011,42.34569472963723]","N0, N5, N7, N10, N11, N12, N14, N16, N17",0.0,0.07786602670908423,0.6001635322976288,1,160.28858208317132,4993,2056,0.5,0.0010178169332936994,734,1223
"[1992.47,2035.84], [-989.9320958043011,1371.07], [-17.88345,17.88345], [-115.5,167.75], [9.959999999999999,55.92]","N2, N6, N9, N11, N12",0.0,0.9498431339470285,0.9897610921501706,1,181.96836033790845,4981,2056,0.2777777777777778,0.0011840583201910531,290,293
"[-183.60279,11.133389999999991], [7.375,15.0], [-33.1175,33.1175], [-86.25,86.25], [3.0,9.0]","N5, N7, N9, N11, N15",0.0,0.10412256879875893,0.6360759493670886,1,128.96888236274924,4993,2069,0.2777777777777778,0.0009712510196556655,402,632
"[-11.24,13.24], [18.0,100.0], [-808.58,844.58], [0.28975183142540306,7.539751831425402], [-31.135744505723792,2.552405383321485], [426.2195187482106,813.8525002126446], [16.31967721263864,37.81301054597198]","N0, N1, N6, N7, N12, N14, N17",1.0,0.9193985326646088,0.9833333333333333,1,124.74235276638754,4956,2083,0.3888888888888889,0.0008527327324250161,59,60
"[-22.999999999999996,112.0], [1998.83,2049.16], [20.665,27.335], [4.493049999999997,44.44135], [-660.3900000000001,1733.4721529683075], [-3.75,13.0]","N1, N2, N3, N4, N6, N7",0.0,0.0009765625,0.25,1,85.2112256,4201,2099,0.3333333333333333,0.0005824998457039824,3,12
"[-7.050000000000001,7.44], [9.295,24.705], [25.22286889456293,121.92911741128975], [56.63482761128223,152.01322761128222], [46.25960136339445,119.89106136339446], [0.09524816857459673,8.075248168574596]","N0, N3, N8, N9, N10, N16",1.0,0.5149821298334754,0.8757062146892656,1,139.49153963534195,4884,2108,0.3333333333333333,0.0009535574654919366,155,177
"[-27.0,43.0], [10.135,21.865000000000002], [-202.18000000000006,1004.1800000000001], [59.75,232.25], [-15.760000000000002,23.76], [-3.1350000000000002,3.1350000000000002], [-6.930000000000001,9.094999999999999], [22.0923613963039,39.92751540041068]","N1, N3, N6, N11, N12, N13, N16, N17",0.0,0.5904900000000001,0.9,1,92.991296,4935,2112,0.4444444444444444,0.0006356840332996379,9,10
"[18.0,100.0], [1964.6953288333439,2027.65], [9.295,24.705], [-808.58,844.58], [-4.783862081010513,11.216137918989487], [88.28619643505516,140.60709643505515], [-31.135744505723792,2.552405383321485], [4.941550269788937,11.18], [418.2525002126445,813.8525002126446], [16.31967721263864,37.81301054597198]","N1, N2, N3, N6, N7, N8, N12, N13, N14, N17",1.0,1.0,1.0,1,124.33769752129194,4956,2122,0.5555555555555556,0.0008499665286041959,30,30
"[-7.050000000000001,15.05], [42.0,142.20754629575453], [24.923125,58.030875], [-22.5199,22.5199], [19.392903591323538,47.912903591323534]","N0, N1, N4, N9, N17",1.0,0.21091415294547664,0.7325227963525835,1,157.42897308266316,4992,2126,0.2777777777777778,0.0010575027186754914,723,987
"[-16.800000000000004,23.76], [2.2,13.8], [22.0923613963039,43.36476386036961]","N12, N15, N17",0.0,0.08464665514278671,0.6102699144173799,1,146.7603604812046,4981,2133,0.16666666666666666,0.0008371953060633794,927,1519
"[10.649999999999999,21.93], [-47.0,112.0], [1996.9,2019.1], [1.75,23.125], [75.24182499999999,122.946175], [-39.39929,39.39929], [-17.92,55.92], [-5.565,3.6750000000000003]","N0, N1, N2, N7, N8, N10, N12, N16",0.0,0.6974903585843506,0.93048128342246,1,158.6366909130606,4981,2139,0.4444444444444444,0.0010844328001291903,174,187
"[1998.83,2043.53], [16.55,23.45], [-38.10751,38.10751], [-115.5,138.375], [-26.36,38.04], [27.19066392881588,37.93733059548255]","N2, N3, N10, N11, N12, N17",0.0,0.3276800000000001,0.8,1,127.13375795501949,4987,2139,0.3333333333333333,0.000869080263440857,20,25
"[-7.050000000000001,7.46], [11.000000000000007,127.0], [2007.1132851612435,2016.24], [-6.555000000000001,6.555000000000001]","N0, N1, N2, N13",1.0,0.40834889733017593,0.836,1,127.75540469685407,4954,2140,0.2222222222222222,0.0008733298107117864,209,250
"[-47.0,43.0], [-202.18000000000006,1004.1800000000001], [36.03294999999999,119.48904999999999], [59.75,232.25], [-15.760000000000002,45.56], [-3.1350000000000002,5.89], [-7.56,9.094999999999999]","N1, N6, N9, N11, N12, N13, N16",0.0,0.3276800000000001,0.8,1,95.460032,4935,2149,0.3888888888888889,0.0006525601940279712,8,10
"[-4.395,12.395], [12.211650000000002,67.37835], [-183.60279,11.133389999999991], [-514.22,960.22], [7.0,15.0], [-33.1175,33.1175], [-25.8356,25.8356], [-86.25,86.25], [23.28,60.72], [-5.32,5.32], [-239.39999999999998,259.4], [3.0,13.804003156778705], [-3.6750000000000003,3.6750000000000003], [31.116892539356606,57.1568925393566]","N3, N4, N5, N6, N7, N9, N10, N11, N12, N13, N14, N15, N16, N17",0.0,1.0,1.0,1,141.98049650960922,4933,2151,0.7777777777777778,0.0009705718551455993,56,56
"[-27.000000000000004,29.000000000000004], [-53.18925,5.782050000000002], [-130.90994,37.51054], [-36.42925,36.42925], [-32.94039,32.94039]","N1, N4, N5, N9, N10",0.0,1.0,1.0,1,93.73628159411984,4896,2168,0.2777777777777778,0.0006407767190411102,33,33
"[10.135,21.865000000000002], [-1.9966750000000033,40.805075], [3.0,13.0], [-3.1350000000000002,3.1350000000000002], [3.5999999999999996,16.4], [-6.930000000000001,6.930000000000001]","N3, N4, N7, N13, N15, N16",0.0,0.4055780771595733,0.8348623853211009,1,122.76121347847189,4935,2172,0.3333333333333333,0.0008391897594023517,91,109
"[-7.050000000000001,7.46], [40.0,148.0], [-58.31030164213631,70.63662835786367], [-50.78205,50.78205], [-45.85818999999999,45.85818999999999], [-2.0,24.0], [-46.261328541673436,203.13867145832654]","N0, N1, N5, N8, N10, N12, N14",1.0,0.48574840997978774,0.865530303030303,2,147.42463016861538,4992,2177,0.3888888888888889,0.001952085214721196,457,528
"[2.3899999999999997,22.107592682917463], [-30.0,120.0], [1998.83,2029.17], [1.5599999999999996,14.440000000000001], [-41.33696,27.77327], [-151.25,157.25], [-3.325,5.51], [-5.800000000000001,7.800000000000001]","N0, N1, N2, N3, N10, N11, N13, N15",0.0,0.09583814855191733,0.625615763546798,1,148.5979443826803,4937,2183,0.4444444444444444,0.0010158084109852332,127,203
"[12.07,31.692441794269463], [28.459149999999998,72.21205], [10.625,29.375], [-33.1175,33.1175], [9.959999999999999,60.72], [6.6,13.4], [-3.255,3.255]","N0, N4, N7, N9, N12, N15, N16",0.0,1.0,1.0,1,202.9232638299129,4915,2185,0.3888888888888889,0.0013693614909933449,292,292
"[18.0,100.0], [-33.90115,36.48395000000001], [-808.58,844.58], [0.28975183142540306,7.539751831425402], [107.57467857440929,303.0746785744093], [-31.135744505723792,2.552405383321485]","N1, N4, N6, N7, N11, N12",1.0,1.0,1.0,2,156.26251082001542,4941,2191,0.3333333333333333,0.0021364060380789983,34,34
"[1992.47,2035.84], [-56.50814,75.07036], [-165.75,167.75], [-6.65,6.65], [3.5999999999999996,16.4]","N2, N5, N11, N13, N15",0.0,0.43375716751999094,0.8461538461538461,1,186.07804338497976,4945,2199,0.2777777777777778,0.0012191753151050912,352,416
"[21.422274999999992,73.735525], [-989.9320958043011,1371.07], [3.0,18.5], [42.858130588189155,125.89502499999999], [-115.5,167.75], [-31.438262458842544,55.92], [-3.705,3.705], [-5.565,3.6750000000000003], [20.8676386036961,42.11199178644764]","N4, N6, N7, N8, N11, N12, N13, N16, N17",0.0,0.08162938968472523,0.6058558558558559,1,156.48114227058196,4937,2199,0.5,0.0010696975731352104,269,444
"[-7.050000000000001,7.46], [40.0,148.0], [1979.87,2016.13], [-58.31030164213631,70.63662835786367], [-50.78205,50.78205], [-45.85818999999999,45.85818999999999], [-2.0,24.0], [-46.261328541673436,203.13867145832654]","N0, N1, N2, N5, N8, N10, N12, N14",1.0,0.48309695119720436,0.8645833333333334,1,165.62103494134817,4992,2204,0.4444444444444444,0.00113152979372968,249,288
"[-55.0,65.0], [-383.15999999999997,689.16], [2.125,19.875], [-40.691069999999996,27.77327], [-153.25,137.5]","N1, N6, N7, N10, N11",0.0,0.16443225904748904,0.6969432314410481,1,146.08562715379588,4993,2211,0.2777777777777778,0.0010193984395820948,798,1145
"[10.649999999999999,21.93], [-47.0,112.0], [1996.9,2043.53], [75.24182499999999,122.946175], [-21.96026,21.96026], [-115.5,138.375], [-26.36,55.92], [-5.565,3.6750000000000003]","N0, N1, N2, N8, N10, N11, N12, N16",0.0,0.7211459057822749,0.9367088607594937,1,161.5831117430364,4981,2213,0.4444444444444444,0.001104574391413143,222,237
"[16.55,23.45], [1.75,23.125], [-39.39929,39.39929], [22.09850787132101,35.32517453798768]","N3, N7, N10, N17",0.0,0.4994827458809231,0.8703703703703703,1,114.03581153063402,4987,2213,0.2222222222222222,0.0007795433307477593,47,54
"[-7.050000000000001,15.05], [1989.8,2034.2], [-5.25,7.539751831425402], [-142.28574152129715,303.0746785744093], [-31.135744505723792,40.62425549427621], [-2.269007325701611,11.18], [0.09524816857459673,8.075248168574596], [22.05854001755297,43.96520668421964]","N0, N2, N7, N11, N12, N13, N16, N17",1.0,0.7019835175952333,0.9316770186335404,1,110.85020160378926,4989,2217,0.4444444444444444,0.000757766654285308,450,483
"[-7.050000000000001,7.46], [13.0,73.0], [-46.93492499999999,46.93492499999999], [-45.85818999999999,45.85818999999999], [-2.0,24.0]","N0, N1, N8, N10, N12",1.0,0.30486803687416325,0.7885375494071146,1,125.79153823801391,4992,2230,0.2777777777777778,0.0008599049139191081,399,506
"[-7.050000000000001,7.46], [-2.269007325701611,11.18], [31.137856970116935,42.29785697011693]","N0, N13, N17",1.0,0.28595495565434487,0.7785016286644951,1,129.59651615901868,4992,2230,0.16666666666666666,0.0008237024434523246,478,614
"[-55.0,65.0], [1930.65,1971.35], [-4.395,12.395], [-183.60279,11.133389999999991], [7.0,15.0], [-33.1175,33.1175], [23.28,60.72], [-5.32,5.32], [-277.70000000000005,315.70000000000005], [-3.6750000000000003,3.6750000000000003], [30.581683778234087,57.03501711156742]","N1, N2, N3, N5, N7, N9, N12, N13, N14, N16, N17",0.0,1.0,1.0,1,142.30278881698808,4740,2231,0.6111111111111112,0.0009727750298798889,23,23
"[10.649999999999999,29.35], [-183.60279,11.133389999999991], [-514.22,960.22], [7.0,15.0], [-86.25,137.5], [23.28,52.2], [31.116892539356606,57.1568925393566]","N0, N5, N6, N7, N11, N12, N17",0.0,1.0,1.0,1,155.37407567200776,4969,2231,0.3888888888888889,0.0010621297190371993,46,46
"[-7.050000000000001,7.46], [40.0,148.0], [-3.325,9.325], [-58.31030164213631,70.63662835786367], [-50.78205,50.78205], [-45.85818999999999,45.85818999999999], [-2.0,24.0], [-46.261328541673436,203.13867145832654]","N0, N1, N3, N5, N8, N10, N12, N14",1.0,0.45438793643922004,0.8540540540540541,1,136.18465610273478,4934,2234,0.4444444444444444,0.0009309517684849836,316,370
"[42.0,91.0], [-2.269007325701611,11.18], [31.137856970116935,42.29785697011693]","N1, N13, N17",1.0,0.11260069052282712,0.646112600536193,1,146.25071040717762,4992,2240,0.16666666666666666,0.0009082564944888163,482,746
"[3.5,15.0], [9.959999999999999,60.72], [-6.935,5.32], [-7.665,7.665], [19.95003422313484,40.61670088980151]","N7, N12, N13, N16, N17",0.0,0.8375839805900581,0.9651741293532339,1,176.4761753103059,4993,2246,0.2777777777777778,0.0011554256752900303,776,804
"[-2.75,22.75], [74.435575,137.528425], [41.883500000000005,108.11850000000001], [-153.25,167.75], [9.959999999999999,52.2], [3.7,18.3], [-3.255,7.665]","N0, N8, N9, N11, N12, N15, N16",0.0,0.8351034392887418,0.9646017699115044,1,141.943867649485,4937,2255,0.3888888888888889,0.0009703214620169892,109,113
"[-7.050000000000001,7.46], [-45.85818999999999,45.85818999999999], [-2.0,24.0], [-46.261328541673436,203.13867145832654], [31.137856970116935,42.29785697011693]","N0, N10, N12, N14, N17",1.0,0.34933421082999083,0.810304449648712,1,131.53837089083484,4992,2271,0.2777777777777778,0.0008402954755572176,346,427
"[12.07,31.692441794269463], [10.625,15.0], [-33.1175,33.1175], [-25.8356,25.8356], [-239.39999999999998,259.4], [6.6,13.804003156778705]","N0, N7, N9, N10, N14, N15",0.0,0.9537118284563866,0.9905660377358491,1,195.89588108514022,4896,2276,0.3333333333333333,0.0012943007864084,210,212
"[-183.60279,124.339705], [7.0,29.375], [-17.439030000000002,17.439030000000002], [-86.25,86.25], [9.959999999999999,60.72], [3.0,13.4], [-3.255,3.255]","N5, N7, N10, N11, N12, N15, N16",0.0,0.8875380319631212,0.9764216366158114,1,179.64515291672066,4993,2281,0.3888888888888889,0.0012083138069277344,704,721
"[-7.050000000000001,7.46], [46.220254999999995,196.219745], [-2.269007325701611,11.18], [31.137856970116935,42.29785697011693]","N0, N5, N13, N17",1.0,0.21720617794361205,0.7368421052631579,1,101.73841446747379,4956,2288,0.2222222222222222,0.0006954789150394674,70,95
"[-660.3900000000001,1426.39], [37.603474999999996,119.16252499999999], [-195.9,259.9], [3.5999999999999996,16.4], [-3.885,3.885]","N6, N8, N14, N15, N16",0.0,0.44309296742016724,0.8497652582159625,1,163.85739473946902,4945,2289,0.2777777777777778,0.0011201212807482167,362,426
"[18.0,100.0], [-808.58,844.58], [0.28975183142540306,7.539751831425402]","N1, N6, N7",1.0,0.5084018551150138,0.8734567901234568,1,107.38035263217992,4989,2294,0.16666666666666666,0.0007340469333641884,566,648
"[-7.050000000000001,7.46], [-58.31030164213631,70.63662835786367], [5.0,17.0], [-45.85818999999999,45.85818999999999], [-2.0,24.0]","N0, N5, N7, N10, N12",1.0,0.2587973006084127,0.7631184407796102,1,140.8483067181835,4992,2306,0.2777777777777778,0.0009198483182836191,509,667
"[-7.050000000000001,7.46], [-58.31030164213631,70.63662835786367], [5.0,17.0], [-2.0,24.0]","N0, N5, N7, N12",1.0,0.23842088819833748,0.7507042253521127,1,140.83932005613502,4992,2316,0.2222222222222222,0.0009197715277959255,533,710
"[-54.5239,2.5451000000000015], [-183.60279,124.339705], [5.375,29.375], [-115.5,86.25], [9.959999999999999,44.36], [-3.9899999999999998,3.9899999999999998], [3.7,13.4], [22.0923613963039,39.92751540041068]","N4, N5, N7, N11, N12, N13, N15, N17",0.0,0.8416164590315596,0.9661016949152542,1,116.49266873241353,4945,2328,0.4444444444444444,0.0007963382885819684,57,59
"[-7.050000000000001,15.05], [1989.8,2034.2], [-341.27,351.27], [-5.25,7.539751831425402], [-142.28574152129715,303.0746785744093], [-31.135744505723792,40.62425549427621], [-2.269007325701611,11.18], [0.09524816857459673,8.075248168574596], [22.05854001755297,43.96520668421964]","N0, N2, N6, N7, N11, N12, N13, N16, N17",1.0,0.6896827093979547,0.928388746803069,1,119.92842761885058,4989,2337,0.5,0.000819824971318118,363,391
"[1989.8044787857136,2035.84], [-383.15999999999997,689.16], [16.875,23.125], [-19.04,55.92], [-5.565,5.565]","N2, N6, N7, N12, N16",0.0,1.0,1.0,1,172.8509404634488,4915,2344,0.2777777777777778,0.0011816007273781916,124,124
"[-3.4400000000000004,7.44], [18.0,100.0], [9.295,24.705], [25.22286889456293,131.40351889456292], [33.67654922866632,107.57467857440929], [-2.269007325701611,11.18], [217.65404395420967,656.2540439542097], [-1.1968112104937099,8.20318878950629]","N0, N1, N3, N8, N11, N13, N14, N15",1.0,0.401877572016461,0.8333333333333334,1,136.35999999999999,4017,2348,0.4444444444444444,0.0009321504109453278,5,6
"[-7.050000000000001,7.46], [40.0,148.0], [1979.87,2016.13], [-58.31030164213631,70.63662835786367], [-50.78205,50.78205], [-45.85818999999999,30.975782533562175], [-2.0,24.0], [-46.261328541673436,203.13867145832654]","N0, N1, N2, N5, N8, N10, N12, N14",1.0,0.47263521427724353,0.8608058608058609,1,165.62103494134817,4992,2364,0.4444444444444444,0.00113152979372968,235,273
"[5.199999999999999,21.93], [-47.0,79.0], [-57.348275,-15.671299999999995], [-215.06999999999994,1426.39], [37.603474999999996,119.16252499999999], [-27.77327,27.77327]","N0, N1, N4, N6, N8, N10",0.0,0.3921708428882455,0.8292682926829268,1,114.11380003708922,4981,2368,0.3333333333333333,0.0007800764564322799,34,41
"[-7.050000000000001,15.05], [1989.8,2034.2], [46.220254999999995,196.219745], [-341.27,351.27], [-142.28574152129715,303.0746785744093], [-9.288943417964854,16.711056582035148], [-2.269007325701611,11.18], [0.09524816857459673,8.075248168574596], [31.137856970116935,43.96520668421964]","N0, N2, N5, N6, N11, N12, N13, N16, N17",1.0,0.3591654751124945,0.8148148148148148,1,115.93302427716357,4966,2374,0.5,0.0007925125859643054,44,54
"[-183.60279,124.339705], [-414.40999999999997,1216.4099999999999], [7.0,29.375], [9.959999999999999,60.72], [3.0,13.4], [-3.255,3.255]","N5, N6, N7, N12, N15, N16",0.0,0.8705815454386268,0.9726618705035971,1,179.8462241242686,4993,2382,0.3333333333333333,0.0012116695518442715,676,695
"[1964.6953288333439,2027.65], [9.295,24.705], [88.28619643505516,140.60709643505515], [94.44431227234493,131.53591227234494], [89.32963228433722,124.20769228433723], [-2.269007325701611,16.281497738285267]","N2, N3, N8, N9, N10, N13",1.0,0.2286448723941134,0.7444444444444445,1,118.77160135984319,4954,2391,0.3333333333333333,0.0008119169625712268,67,90
"[4.266349999999996,74.65145000000001], [9.959999999999999,60.72], [-7.665,7.665]","N4, N12, N16",0.0,0.8556550816866805,0.9693034238488784,1,175.36088396068484,4993,2393,0.16666666666666666,0.0011368122033633904,821,847
"[-2.75,22.75], [1998.83,2035.84], [-15.133505,124.339705], [5.375,16.625], [41.883500000000005,108.11850000000001], [-115.5,167.75], [-3.42,3.42], [3.7,18.3], [22.0923613963039,39.92751540041068]","N0, N2, N5, N7, N9, N11, N13, N15, N17",0.0,0.547814577647054,0.8865979381443299,1,138.2246230244354,4937,2393,0.5,0.0009448968843868471,86,97
"[-3.072237836348366,8.727762163651633], [17.697864476386037,35.47119780971937]","N15, N17",1.0,0.09015059200818785,0.6180074587107086,1,131.02332944216818,4992,2411,0.1111111111111111,0.000973473332626057,1160,1877
"[5.199999999999999,21.93], [3.625,12.091716819370877], [-37.0916,37.0916], [-19.04,55.92], [-3.255,3.255], [15.258097193702943,43.36476386036961]","N0, N7, N9, N12, N16, N17",0.0,0.22203279331348555,0.7400881057268722,1,169.11034761712386,4993,2416,0.3333333333333333,0.001032494902958573,504,681
"[40.0,148.0], [1977.76,2016.24], [-58.31030164213631,70.63662835786367]","N1, N2, N5",1.0,0.1061330061627591,0.6385135135135135,1,160.49336258313016,4992,2424,0.16666666666666666,0.0010877141412664766,567,888
"[-2.33,14.33], [1998.84,2049.16], [20.665,27.335], [4.493049999999997,44.44135], [-3.75,13.75], [45.48338,120.40661999999999]","N0, N2, N3, N4, N7, N10",0.0,0.0,0.0,1,67.52000000000001,2444,2444,0.3333333333333333,0.00046156347717093385,0,9
"[-22.999999999999996,112.0], [1998.83,2049.16], [20.665,27.335], [4.493049999999997,44.44135], [-660.3900000000001,1733.4721529683075], [-3.75,13.0], [5.01,12.99], [18.856878850102675,45.723545516769335]","N1, N2, N3, N4, N6, N7, N16, N17",0.0,0.0,0.0,1,76.5,2444,2444,0.4444444444444444,0.0005229503258823525,0,2
"[-47.0,112.0], [-989.9320958043011,1371.07], [-17.88345,17.88345], [-115.5,344.83782922793404], [9.959999999999999,55.92], [-3.255,3.255]","N1, N6, N9, N11, N12, N16",0.0,0.8789778213041247,0.9745308310991957,1,176.79082014110955,4993,2447,0.3333333333333333,0.0011606768885510455,727,746
"[-514.22,960.22], [7.0,15.0], [-35.39355,35.39355], [-33.1175,33.1175], [9.959999999999999,60.72], [3.0,13.4]","N6, N7, N8, N9, N12, N15",0.0,0.8351034392887418,0.9646017699115044,1,177.9589284985136,4993,2451,0.3333333333333333,0.00118017184126022,436,452
"[-4.050000000000001,18.05], [5.375,16.625], [41.883500000000005,108.11850000000001], [-115.5,167.75], [9.959999999999999,44.36], [-7.77,3.255]","N0, N7, N9, N11, N12, N16",0.0,0.7907409075007379,0.9541284403669725,1,134.85385963081293,4945,2463,0.3333333333333333,0.0009218545077179952,104,109
"[-3.4400000000000004,7.44], [42.0,100.0], [1995.1,2046.9], [9.295,24.705], [-5.25,7.539751831425402], [107.57467857440929,303.0746785744093], [-44.92809626475691,40.62425549427621], [-2.269007325701611,11.18], [217.65404395420967,656.2540439542097]","N0, N1, N2, N3, N7, N11, N12, N13, N14",1.0,0.6532541369668817,0.9183673469387755,1,142.76118815972487,4884,2467,0.5,0.0009759086257709798,135,147
"[-27.000000000000004,29.000000000000004], [-53.18925,33.58722853881305], [-130.90994,37.51054], [-36.42925,36.42925], [-32.94039,32.94039]","N1, N4, N5, N9, N10",0.0,1.0,1.0,1,89.67903062878291,4896,2468,0.2777777777777778,0.0006130415463024247,41,41
"[-7.050000000000001,7.46], [1989.8,2034.2], [-341.27,351.27], [-142.28574152129715,303.0746785744093], [-2.269007325701611,11.376479920386194], [-4.8,6.8], [0.09524816857459673,8.075248168574596], [22.05854001755297,43.96520668421964]","N0, N2, N6, N11, N13, N15, N16, N17",1.0,0.6215765797790466,0.9092827004219409,1,123.33293463954722,4989,2477,0.4444444444444444,0.0008430980178010208,431,474
"[1992.47,2035.84], [54.657075000000006,148.526925], [-17.88345,17.88345], [9.959999999999999,60.72], [3.0,18.3]","N2, N8, N9, N12, N15",0.0,0.9696992298643189,0.9938650306748467,1,186.26897060654687,4915,2486,0.2777777777777778,0.0012733257369995296,162,163
"[-989.9320958043011,1371.07], [-39.39929,39.39929], [-115.5,167.75], [9.959999999999999,55.92]","N6, N10, N11, N12",0.0,0.8611872814466903,0.9705535924617197,1,172.77251062591398,4993,2486,0.2222222222222222,0.0010936139714226606,824,849
"[15.720224999999992,85.15417500000001], [-165.17383,-65.17417], [-514.22,960.22], [7.0,15.0], [-35.39355,35.39355], [-19.8705,33.1175], [-39.39929,39.39929], [-4.0,48.0], [-3.255,3.255], [15.573032169746748,44.50636550308008]","N4, N5, N6, N7, N8, N9, N10, N12, N16, N17",0.0,0.084383581455466,0.6098901098901099,1,129.94568832205374,4933,2498,0.5555555555555556,0.0007685805068583416,111,182
"[-7.050000000000001,7.46], [1996.1,2047.9], [-341.27,844.58], [0.28975183142540306,7.539751831425402], [-31.135744505723792,2.552405383321485], [0.09524816857459673,8.075248168574596]","N0, N2, N6, N7, N12, N16",1.0,0.9202550618884374,0.9835164835164835,2,137.03317843896932,4954,2505,0.3333333333333333,0.0018735044528458446,179,182
"[1998.83,2035.84], [-36.544125,-10.863075], [41.883500000000005,108.11850000000001], [-115.5,167.75], [9.959999999999999,38.04], [-4.085,4.085]","N2, N4, N9, N11, N12, N13",0.0,0.401877572016461,0.8333333333333334,1,127.0,4945,2510,0.3333333333333333,0.0008681659004844282,5,6
"[-7.050000000000001,7.46], [40.0,143.0], [1977.76,2016.24], [-1.0950000000000006,12.83], [-45.85818999999999,45.85818999999999]","N0, N1, N2, N3, N10",1.0,0.5391555299612413,0.8837772397094431,1,152.30767824227024,4992,2514,0.2777777777777778,0.0010177679599981306,365,413
"[-7.050000000000001,7.46], [-58.31030164213631,82.03922182192875], [-0.35235930667367876,6.147640693326322], [-45.85818999999999,45.85818999999999]","N0, N5, N7, N10",1.0,0.4779830563763579,0.8627450980392157,1,140.83895724619308,4815,2527,0.2222222222222222,0.0009627683475663709,88,102
"[42.0,100.0], [-33.90115,36.48395000000001], [-808.58,844.58], [-4.541385109022318,7.539751831425402], [48.857211466625095,101.14385555256578], [107.57467857440929,303.0746785744093], [-31.135744505723792,2.552405383321485], [217.65404395420967,813.8525002126446], [-2.5599999999999996,12.559999999999999]","N1, N4, N6, N7, N10, N11, N12, N14, N16",1.0,1.0,1.0,1,162.76530277886985,4941,2539,0.5,0.001112655792556206,22,22
"[-3.4400000000000004,7.44], [18.0,100.0], [9.295,24.705], [-33.90115,36.48395000000001], [-808.58,844.58], [0.28975183142540306,7.539751831425402], [50.95334525149471,145.2532852514947], [107.57467857440929,303.0746785744093], [-4.307107806867192,11.18], [217.65404395420967,656.2540439542097], [0.09524816857459673,8.075248168574596]","N0, N1, N3, N4, N6, N7, N10, N11, N13, N14, N16",1.0,0.5734249721032963,0.8947368421052632,1,148.73953054395884,4857,2540,0.6111111111111112,0.0010167762871836781,51,57
"[-3.4400000000000004,7.44], [2004.94,2033.06], [9.295,24.705], [-33.90115,36.48395000000001], [-808.58,441.25], [56.63482761128223,152.01322761128222], [46.25960136339445,145.2532852514947], [107.57467857440929,303.0746785744093], [-4.307107806867192,11.18]","N0, N2, N3, N4, N6, N9, N10, N11, N13",1.0,0.5185701272041218,0.8769230769230769,1,140.5423979809101,4857,2560,0.5,0.0009607410826719504,57,65
"[-2.75,22.75], [2006.2,2035.8], [74.435575,137.528425], [41.883500000000005,108.11850000000001], [-153.25,167.75], [9.959999999999999,52.2], [3.7,18.3], [-3.255,7.665]","N0, N2, N8, N9, N11, N12, N15, N16",0.0,0.802666782343748,0.956989247311828,1,142.75547554132496,4937,2564,0.4444444444444444,0.0009758695745859618,89,93
"[-47.0,112.0], [1976.31,2003.69], [7.106124999999999,65.12627499999999], [-33.1175,19.8705], [-86.25,344.83782922793404], [9.959999999999999,60.72], [3.0,28.15374291771917]","N1, N2, N4, N9, N11, N12, N15",0.0,0.8647117417596237,0.9713467048710601,1,180.34644242696407,4955,2569,0.3888888888888889,0.0011282145116212094,339,349
"[-7.050000000000001,7.46], [-25.0,101.0], [-23.082749999999997,23.082749999999997], [-2.0,24.0]","N0, N1, N8, N12",1.0,0.27781644647457854,0.774018944519621,1,134.05989476938555,4992,2575,0.2222222222222222,0.0008618417457207508,572,739
"[-47.0,112.0], [15.720224999999992,68.27930781482623], [-15.133505,124.339705], [5.375,16.625], [-19.8705,19.8705], [-39.39929,39.39929], [9.959999999999999,60.72], [-304.59999999999997,314.59999999999997], [3.0,18.3], [-3.255,3.255]","N1, N4, N5, N7, N9, N10, N12, N14, N15, N16",0.0,0.8793768181646081,0.9746192893401016,1,176.42835584651755,4993,2589,0.5555555555555556,0.0012333066174544777,384,394
"[-7.050000000000001,15.05], [42.0,143.0], [3.17,12.83], [-43.92052,43.92052], [-162.82341930672527,149.989353308666], [-15.400000000000002,18.50850948915253], [0.09524816857459673,8.075248168574596], [30.064155428564792,35.47119780971937]","N0, N1, N3, N10, N11, N12, N16, N17",1.0,0.7806914148602693,0.9516908212560387,2,170.88290463805055,4992,2605,0.4444444444444444,0.0023529843087874967,197,207
"[12.07,36.587393633457914], [-47.0,79.0], [-989.9320958043011,1426.39], [3.5,18.375], [-115.5,-86.05142511752749], [9.959999999999999,38.04], [-6.930000000000001,6.930000000000001], [22.0923613963039,39.92751540041068]","N0, N1, N6, N7, N11, N12, N16, N17",0.0,0.09417072927659585,0.9880597014925373,1,167.90092422465477,2608,2608,0.4444444444444444,0.0011477626541075998,0,0
"[1989.8,2047.9], [-341.27,844.58], [-195.4,217.4], [0.09524816857459673,8.075248168574596]","N2, N6, N14, N16",1.0,0.5304326886212991,0.8808988764044944,1,128.0939897741258,4992,2615,0.2222222222222222,0.0008756443620385595,392,445
"[-12.0,112.0], [-351.82000000000005,675.82], [23.125,27.83688676650724], [-19.04,60.72], [-6.08,6.08]","N1, N6, N7, N12, N13",0.0,1.0,1.0,2,79.67999999999999,4619,2622,0.2777777777777778,0.0010893773063086493,6,6
"[-7.050000000000001,15.05], [42.0,143.0], [3.17,12.83], [3.625,18.375], [-43.92052,43.92052], [-15.400000000000002,18.50850948915253], [0.09524816857459673,8.075248168574596], [30.064155428564792,35.47119780971937]","N0, N1, N3, N7, N10, N12, N16, N17",1.0,0.7664236606722807,0.9481865284974094,1,176.38360395796758,4992,2623,0.4444444444444444,0.0012234952998501443,183,193
"[-7.050000000000001,15.05], [42.0,143.0], [3.17,12.83], [-162.82341930672527,149.989353308666], [-15.400000000000002,18.50850948915253], [7.513496277598031,8.075248168574596], [30.064155428564792,35.47119780971937]","N0, N1, N3, N11, N12, N16, N17",1.0,1.0,1.0,1,143.0,4992,2623,0.3888888888888889,0.0009775411320415216,3,3
"[42.0,91.0], [1989.8,2020.76], [10.55,17.45], [-341.27,351.27], [-5.25,7.539751831425402], [71.00729432166852,136.6982514666251], [-142.28574152129715,303.0746785744093], [-2.269007325701611,11.18], [0.09524816857459673,8.075248168574596]","N1, N2, N3, N6, N7, N10, N11, N13, N16",1.0,0.5174479243633625,0.8765432098765432,1,141.92301210537659,4884,2641,0.5,0.0009701788945191077,71,81
"[-7.050000000000001,15.05], [1977.76,2034.2], [-31.135744505723792,40.62425549427621], [-2.7539097044737137,6.936090295526286], [217.65404395420967,813.8525002126446], [22.05854001755297,43.96520668421964]","N0, N2, N12, N13, N14, N17",1.0,0.5251011547610097,0.8791208791208791,1,128.71990332362518,4954,2641,0.3333333333333333,0.0008799230770017606,160,182
"[-4.395,12.395], [21.476425,83.301175], [-183.60279,11.133389999999991], [-514.22,960.22], [7.0,15.0], [15.23419306285409,33.1175], [23.28,60.72], [-5.32,5.32], [-239.39999999999998,259.4], [3.0,9.0]","N3, N4, N5, N6, N7, N9, N12, N13, N14, N15",0.0,0.1,1.0,1,183.66616873556455,2649,2649,0.5555555555555556,0.0012555331084160343,0,0
"[-4.395,12.395], [5.078024999999997,74.511975], [-183.60279,11.133389999999991], [-514.22,960.22], [7.0,15.0], [-33.1175,33.1175], [-215.625,215.625], [23.28,60.72], [-5.32,5.32], [-239.39999999999998,259.4], [3.0,9.0], [31.116892539356606,57.1568925393566]","N3, N4, N5, N6, N7, N9, N11, N12, N13, N14, N15, N17",0.0,1.0,1.0,1,126.31011273472726,4933,2649,0.6666666666666666,0.0008634498642727097,37,37
"[-33.90115,36.48395000000001], [-117.25,844.58], [0.28975183142540306,7.539751831425402], [69.6282,106.7198], [50.95334525149471,119.89106136339446], [217.65404395420967,656.2540439542097], [0.09524816857459673,8.075248168574596]","N4, N6, N7, N9, N10, N14, N16",1.0,0.4556966565870437,0.8545454545454545,1,140.2197515026808,4941,2653,0.3888888888888889,0.0009585354868427372,47,55
"[-7.050000000000001,7.46], [40.0,148.0], [-7.292448670799037,12.83], [-291.53999999999996,1093.54], [1.9335639992846199,11.376479920386194], [2.251206749860051,17.16120674986005], [27.131164673530076,43.25116467353007]","N0, N1, N3, N6, N13, N16, N17",1.0,0.846468659824263,0.9672131147540983,1,169.16434345083908,4992,2657,0.3888888888888889,0.0011618071522221632,118,122
"[5.199999999999999,18.8], [3.4226142791962264,17.28], [-660.3900000000001,1426.39], [37.603474999999996,119.16252499999999], [-73.50000000000001,87.50000000000001], [-3.1350000000000002,6.555000000000001], [-195.9,259.9], [15.258097193702943,43.36476386036961]","N0, N3, N6, N8, N11, N13, N14, N17",0.0,0.34142966136083436,0.8066037735849056,1,167.2377103546027,4937,2705,0.4444444444444444,0.0011432289559445484,171,212
"[-7.050000000000001,7.46], [40.0,148.0], [1977.76,2016.24], [5.5,16.5], [-45.85818999999999,45.85818999999999], [-2.0,24.0]","N0, N1, N2, N7, N10, N12",1.0,0.44267328012232754,0.8496042216358839,1,151.51861686060857,4992,2709,0.3333333333333333,0.001011025477862818,322,379
"[18.0,100.0], [-808.58,844.58], [418.2525002126445,813.8525002126446], [22.742195563989483,37.81301054597198]","N1, N6, N14, N17",1.0,0.8130797499593222,0.9594594594594594,1,126.7169881419596,4956,2712,0.2222222222222222,0.0008662312450152675,71,74
"[-11.24,13.24], [1977.76,2020.76], [10.634224999999997,49.631375000000006], [0.28975183142540306,7.539751831425402], [-31.135744505723792,2.552405383321485], [5.869583792860218,14.899583792860216], [16.31967721263864,53.74219556398948]","N0, N2, N4, N7, N12, N16, N17",1.0,0.6092939122134442,0.9056603773584906,1,140.95465937660762,4956,2712,0.3888888888888889,0.0009635592817729796,48,53
"[40.0,148.0], [-45.85818999999999,45.85818999999999], [-2.0,24.0]","N1, N10, N12",1.0,0.07188593966901453,0.5906480721903199,1,146.11508982478426,4992,2723,0.16666666666666666,0.0009064457605284668,720,1219
"[-7.050000000000001,7.46], [40.0,148.0], [-58.31030164213631,70.63662835786367], [-2.0,24.0]","N0, N1, N5, N12",1.0,0.5027761976081071,0.8715151515151515,2,136.0415286261075,4992,2723,0.2222222222222222,0.0017575493761196794,719,825
"[1989.8,2020.76], [-7.292448670799037,17.45], [-341.27,1093.54], [0.09524816857459673,17.16120674986005], [27.131164673530076,43.25116467353007]","N2, N3, N6, N16, N17",1.0,0.5700173159022296,0.8936708860759494,1,145.94650127674274,4992,2728,0.2777777777777778,0.0009976832732557096,353,395
"[-7.050000000000001,7.46], [40.0,91.0], [-5.25,7.539751831425402], [71.00729432166852,136.6982514666251], [-142.28574152129715,303.0746785744093], [-2.269007325701611,11.376479920386194], [-1.9082178023016945,5.491782197698306], [2.251206749860051,8.075248168574596]","N0, N1, N7, N10, N11, N13, N15, N16",1.0,0.7173255498267092,0.9357142857142857,1,155.7863856990576,4884,2728,0.4444444444444444,0.0010649482505798173,131,140
"[12.07,29.35], [-47.0,79.0], [-989.9320958043011,1426.39], [9.959999999999999,52.2], [22.0923613963039,57.1568925393566]","N0, N1, N6, N12, N17",0.0,1.0,1.0,3,178.76335850228625,4981,2729,0.2777777777777778,0.003333915945751533,422,422
"[-3.4400000000000004,7.44], [9.295,24.705], [-4.783862081010513,11.216137918989487], [25.22286889456293,140.60709643505515], [94.44431227234493,131.53591227234494], [48.857211466625095,136.6982514666251], [-2.269007325701611,11.18], [418.2525002126445,813.8525002126446]","N0, N3, N7, N8, N9, N10, N13, N14",1.0,0.8219271067593519,0.9615384615384616,1,136.10612107023942,4799,2743,0.4444444444444444,0.000930414906774701,25,26
"[-27.000000000000004,29.000000000000004], [-60.15637500000001,-5.940824999999993], [-514.22,960.22], [7.375,15.0], [-33.1175,36.42925], [-32.94039,32.94039], [-6.935,5.32], [0.9000000000000004,3.7504436316694596]","N1, N4, N6, N7, N9, N10, N13, N15",0.0,0.0,0.0,1,67.0,2744,2744,0.4444444444444444,0.00045800878214532825,0,1
"[-7.050000000000001,7.46], [1996.1,2047.9], [-341.27,844.58], [-5.25,7.539751831425402], [-142.28574152129715,303.0746785744093], [-31.135744505723792,40.62425549427621], [-2.269007325701611,11.18]","N0, N2, N6, N7, N11, N12, N13",1.0,0.4823076367886315,0.8643006263048016,1,106.63736821973058,4989,2760,0.3888888888888889,0.0007289679276045035,414,479
"[-7.050000000000001,7.46], [18.0,148.0], [-33.90115,36.48395000000001], [-3.2889434179648536,6.711056582035146]","N0, N1, N4, N15",1.0,0.47080966522706214,0.8601398601398601,1,106.8041789554326,4982,2766,0.2222222222222222,0.0007301082377822296,246,286
"[10.649999999999999,36.587393633457914], [-47.0,131.0], [1939.32,1986.68], [-49.15819499999999,63.999314999999996], [2.75,19.25], [-115.5,157.25], [9.959999999999999,38.04], [-6.930000000000001,6.930000000000001], [22.0923613963039,39.92751540041068]","N0, N1, N2, N5, N7, N11, N12, N16, N17",0.0,0.9080407571370636,0.9808917197452229,1,161.05493830352765,4993,2769,0.5,0.001119119447102393,154,157
"[-7.050000000000001,15.05], [-58.31030164213631,70.63662835786367], [-43.92052,43.92052], [-15.400000000000002,24.0]","N0, N5, N10, N12",1.0,0.07749287555320283,0.5995872033023736,1,146.87296366218186,4992,2784,0.2222222222222222,0.0009165644893439485,581,969
"[-2.75,21.93], [16.55,23.45], [3.625,18.375], [-28.375,138.375], [13.060848733744011,39.92751540041068]","N0, N3, N7, N11, N17",0.0,0.49717673529828965,0.8695652173913043,1,121.81771412000732,4945,2797,0.2777777777777778,0.0008327400431019748,40,46
"[-2.75,22.75], [-7.0,75.0], [-17.88345,17.88345], [-38.10751,38.10751], [-153.25,137.5], [-26.36,55.92]","N0, N1, N9, N10, N11, N12",0.0,0.07060543803874159,0.5885286783042394,1,166.45047701344805,4993,2797,0.3333333333333333,0.0009906052372562644,708,1203
"[-11.24,20.42309992725555], [18.0,100.0], [9.065,24.935000000000002], [10.634224999999997,49.631375000000006], [0.28975183142540306,7.539751831425402], [74.91760724102508,118.63270724102509], [-31.135744505723792,2.552405383321485], [426.2195187482106,813.8525002126446], [5.869583792860218,14.899583792860216]","N0, N1, N3, N4, N7, N9, N12, N14, N16",1.0,1.0,1.0,1,137.8746838454559,4956,2800,0.5,0.0009425047169661109,22,22
"[10.649999999999999,29.35], [-55.0,112.0], [15.720224999999992,66.821425], [-383.15999999999997,689.16], [-17.88345,19.8705], [-6.935,6.935]","N0, N1, N4, N6, N9, N13",0.0,0.7649680347489248,0.9478260869565217,1,153.2622459842334,4993,2811,0.3333333333333333,0.0011738111845800306,436,460
"[-4.395,12.395], [3.5,15.0], [-56.16802499999999,56.16802499999999], [-33.1175,33.1175], [-86.25,86.25], [23.28,60.72], [-5.32,5.32], [-239.39999999999998,259.4], [3.0,13.804003156778705], [3.6750000000000003,6.771462441089749]","N3, N7, N8, N9, N11, N12, N13, N14, N15, N16",0.0,0.1,1.0,1,124.47394980567728,2813,2813,0.5555555555555556,0.0008508979426763727,0,0
"[-7.050000000000001,7.46], [1996.1,2047.9], [0.28975183142540306,7.539751831425402], [-31.135744505723792,2.552405383321485], [0.09524816857459673,8.075248168574596], [26.88053697879368,41.34720364546035]","N0, N2, N7, N12, N16, N17",1.0,0.9029894958315272,0.9797979797979798,1,155.69582043579769,4857,2815,0.3333333333333333,0.0010643291507898122,97,99
"[42.0,91.0], [1989.8,2020.76], [10.55,17.45], [-33.90115,36.48395000000001], [-117.25,351.27], [-5.25,7.539751831425402], [71.00729432166852,119.89106136339446], [217.65404395420967,656.2540439542097], [-0.6087069433014403,0.09524816857459673]","N1, N2, N3, N4, N6, N7, N10, N14, N16",1.0,0.0,0.0,1,96.0,2817,2817,0.5,0.0006562513893425599,0,1
"[-7.050000000000001,7.46], [13.0,73.0], [-146.33000000000004,948.33], [-2.269007325701611,11.18]","N0, N1, N6, N13",1.0,0.36594838961671267,0.8178694158075601,1,122.13580397017296,4992,2821,0.2222222222222222,0.000834914490040589,714,873
"[27.0,105.0], [-17.88345,33.1175], [-115.5,344.83782922793404], [9.959999999999999,60.72], [-3.255,3.255]","N1, N9, N11, N12, N16",0.0,0.8352969294267639,0.9646464646464646,1,176.98495983452443,4993,2823,0.2777777777777778,0.0012278138764787196,382,396
"[-47.0,112.0], [-15.133505,124.339705], [-989.9320958043011,1371.07], [-19.235625,19.235625], [-33.1175,17.88345], [9.959999999999999,55.92], [-3.255,3.255]","N1, N5, N6, N8, N9, N12, N16",0.0,0.8665146361964222,0.9717514124293786,1,174.2418727854803,4993,2823,0.3888888888888889,0.0012041138573108481,344,354
"[16.55,23.45], [4.266349999999996,74.65145000000001], [3.625,18.375], [-28.375,138.375], [-19.04,60.72], [19.100000000000023,517.9], [13.060848733744011,43.36476386036961]","N3, N4, N7, N11, N12, N14, N17",0.0,0.5277319168,0.88,1,117.69786106539271,4818,2838,0.3888888888888889,0.0008045769254876204,22,25
"[42.0,100.0], [-9.130300000000002,47.9387], [51.4454696368113,101.7840696368113], [48.857211466625095,101.14385555256578], [235.2886091130535,453.7886091130535], [2.8200000000000003,11.18], [-2.4601882778425757,5.1398117221574235]","N1, N4, N9, N10, N11, N13, N15",1.0,1.0,1.0,1,137.23863072573852,4956,2848,0.3888888888888889,0.0009381566883878795,40,40
"[-7.050000000000001,7.46], [-291.53999999999996,1093.54], [1.1164799203861921,11.376479920386194], [-4.8,6.8], [27.131164673530076,43.25116467353007]","N0, N6, N13, N15, N17",1.0,0.6805831970337531,0.9259259259259259,1,166.8751178646787,4992,2851,0.2777777777777778,0.00114224585702117,300,324
"[40.0,148.0], [-7.292448670799037,12.83], [2.251206749860051,17.16120674986005], [27.131164673530076,43.25116467353007]","N1, N3, N16, N17",1.0,0.7133445360201977,0.9346733668341709,1,157.26293955784445,4992,2851,0.2222222222222222,0.001060110370452571,186,199
"[-47.0,112.0], [-15.133505,124.339705], [5.375,16.625], [-39.39929,39.39929], [-115.5,344.83782922793404], [9.959999999999999,44.36], [3.7,18.3], [22.0923613963039,39.92751540041068]","N1, N5, N7, N10, N11, N12, N15, N17",0.0,0.8964668452410351,0.9783783783783784,1,176.24397221023852,4993,2858,0.4444444444444444,0.0012308448251066556,362,370
"[-2.75,22.75], [1992.47,2035.84], [-15.133505,124.339705], [1.75,16.625], [41.883500000000005,108.11850000000001], [-115.5,167.75], [9.959999999999999,44.36], [22.0923613963039,39.92751540041068]","N0, N2, N5, N7, N9, N11, N12, N17",0.0,0.7631229607539922,0.9473684210526315,1,140.64993608352341,4937,2865,0.4444444444444444,0.0009614762079766093,54,57
"[-2.75,22.75], [41.883500000000005,108.11850000000001], [9.959999999999999,55.92], [-3.255,3.255], [22.0923613963039,39.92751540041068]","N0, N9, N12, N16, N17",0.0,0.7835261664684589,0.9523809523809523,1,133.52303129633916,4945,2865,0.2777777777777778,0.0009127570291401321,80,84
"[-7.050000000000001,7.46], [40.0,148.0], [1979.87,2016.24], [-1.0950000000000006,12.83], [-50.78205,50.78205], [-2.0,24.0], [23.555937512514326,38.849270845847656]","N0, N1, N2, N3, N8, N12, N17",1.0,0.49152705836773475,0.867579908675799,1,166.43558734947652,4992,2881,0.3888888888888889,0.0011384900951558069,190,219
"[-7.050000000000001,7.46], [40.0,143.0], [1977.76,2016.13], [-58.31030164213631,70.63662835786367], [-45.85818999999999,45.85818999999999], [-46.261328541673436,203.13867145832654]","N0, N1, N2, N5, N10, N14",1.0,0.4831865031472781,0.8646153846153846,1,154.40082676575463,4992,2881,0.3333333333333333,0.0010356537884699663,281,325
"[12.07,29.35], [15.720224999999992,72.21205], [-33.1175,33.1175], [9.959999999999999,60.72], [-290.3,320.3]","N0, N4, N9, N12, N14",0.0,0.9735464745029891,0.9946524064171123,2,178.79930317086033,4969,2889,0.2777777777777778,0.002285325586360783,372,374
"[10.649999999999999,31.692441794269463], [-383.15999999999997,689.16], [10.625,29.375], [-6.935,6.935], [6.6,13.4]","N0, N6, N7, N13, N15",0.0,1.0,1.0,2,202.43121938184984,4993,2889,0.2777777777777778,0.002728211756314174,303,303
"[-27.000000000000004,29.000000000000004], [-53.18925,5.782050000000002], [-130.90994,37.51054], [-32.94039,32.94039], [-7.455,7.455]","N1, N4, N5, N10, N16",0.0,1.0,1.0,1,93.74095752203132,4896,2890,0.2777777777777778,0.0006408086834597391,25,25
"[-3.4400000000000004,7.44], [18.0,100.0], [1977.76,2020.76], [-674.54,801.561497501853], [0.28975183142540306,7.539751831425402], [48.857211466625095,136.6982514666251], [-31.135744505723792,2.552405383321485], [-2.9000000000000004,4.9]","N0, N1, N2, N6, N7, N10, N12, N15",1.0,0.900744690326222,0.9793103448275862,1,126.16922248556531,4956,2903,0.4444444444444444,0.0008624867452960707,142,145
"[-7.050000000000001,7.46], [40.0,148.0], [-58.31030164213631,70.63662835786367], [-50.78205,50.78205], [-45.85818999999999,45.85818999999999], [-2.0,24.0], [27.198804277759415,46.62547094442608]","N0, N1, N5, N8, N10, N12, N17",1.0,0.5288365743467701,0.8803680981595092,1,153.2010944616788,4992,2908,0.3888888888888889,0.0010254021479570894,287,326
"[10.649999999999999,29.35], [16.55,23.45], [15.720224999999992,66.821425], [-383.15999999999997,689.16], [3.625,23.125], [70.7504,119.9936]","N0, N3, N4, N6, N7, N8",0.0,1.0,1.0,1,138.31212466176,4818,2917,0.3333333333333333,0.0009454950413770974,15,15
"[-47.0,112.0], [11.0,25.0], [-17.88345,19.8705], [-28.375,168.625], [-6.935,2.0632593517678863], [-3.255,3.4650000000000003], [13.060848733744011,39.92751540041068]","N1, N7, N9, N11, N13, N16, N17",0.0,0.8686157861214838,0.9722222222222222,1,161.26391338558375,4981,2917,0.3888888888888889,0.001102392366771954,140,144
"[40.0,91.0], [4.266349999999996,74.65145000000001], [50.95334525149471,136.6982514666251], [-2.269007325701611,11.18], [-1.54720913449491,4.25279086550509], [2.251206749860051,8.075248168574596]","N1, N4, N10, N13, N15, N16",1.0,0.6794590096397058,0.9256198347107438,1,148.37337803368695,4941,2919,0.3333333333333333,0.0010142732862089157,112,121
"[40.0,148.0], [1.1164799203861921,11.376479920386194], [2.251206749860051,17.16120674986005], [27.131164673530076,43.25116467353007]","N1, N13, N16, N17",1.0,0.7366855976654645,0.9407114624505929,1,155.72961205464398,4992,2927,0.2222222222222222,0.0010470081789904296,238,253
"[40.0,148.0], [-7.292448670799037,12.83], [-105.375,199.375]","N1, N3, N11",1.0,0.10220926263106068,0.6337209302325582,1,158.26530239380924,4992,2927,0.16666666666666666,0.000952061562920004,763,1204
"[10.649999999999999,29.35], [-55.0,112.0], [15.720224999999992,66.821425], [-383.15999999999997,689.16], [-17.88345,19.8705], [-6.935,6.935], [30.03529089664613,40.7819575633128]","N0, N1, N4, N6, N9, N13, N17",0.0,0.7451255881477955,0.9428571428571428,1,148.351942757416,4969,2929,0.3888888888888889,0.001230043343746462,165,175
"[-47.0,112.0], [-133.40246009089356,124.339705], [-989.9320958043011,1371.07], [-19.235625,19.235625], [-33.1175,17.88345], [9.959999999999999,55.92], [-3.255,3.255], [22.8019575633128,48.015290896646135]","N1, N5, N6, N8, N9, N12, N16, N17",0.0,0.8635445490928284,0.9710843373493976,1,176.84791396969825,4993,2929,0.4444444444444444,0.0011616297466324618,403,415
"[-3.4400000000000004,7.44], [2004.94,2033.06], [9.295,24.705], [-33.90115,36.48395000000001], [-808.58,441.25], [66.85795279430491,147.66465279430489], [46.25960136339445,145.2532852514947], [107.57467857440929,303.0746785744093], [-4.307107806867192,11.18]","N0, N2, N3, N4, N6, N9, N10, N11, N13",1.0,0.47611301541420215,0.8620689655172413,1,140.5423733502534,4857,2939,0.5,0.0009607409142979641,50,58
"[-47.0,43.0], [-202.18000000000006,1004.1800000000001], [36.03294999999999,119.48904999999999], [59.75,232.25], [-64.42612594678616,45.56], [-3.1350000000000002,5.89], [-7.56,9.094999999999999]","N1, N6, N9, N11, N12, N13, N16",0.0,0.13168724279835387,0.6666666666666666,1,89.56,4935,2942,0.3888888888888889,0.0006122278586408299,4,6
"[-7.050000000000001,15.05], [-719.22,755.22], [0.28975183142540306,7.539751831425402], [-31.135744505723792,2.552405383321485], [16.31967721263864,53.74219556398948]","N0, N6, N7, N12, N17",1.0,0.8041638955636072,0.957345971563981,2,132.4264975568529,4956,2954,0.2777777777777778,0.0018105223543219548,202,211
"[-514.22,960.22], [-33.1175,33.1175], [-22.284333753181468,25.8356], [23.28,60.72], [-5.355,5.355]","N6, N9, N10, N12, N16",0.0,1.0,1.0,1,145.82022537740036,4993,2959,0.2777777777777778,0.000904227472974763,176,176
"[-7.050000000000001,7.46], [-50.78205,50.78205], [-45.85818999999999,45.85818999999999], [-2.0,24.0], [-46.261328541673436,203.13867145832654]","N0, N8, N10, N12, N14",1.0,0.2740874207684612,0.7719298245614035,1,134.02271910492055,4992,2962,0.2777777777777778,0.0008615240818997235,484,627
"[10.649999999999999,21.93], [-383.15999999999997,689.16], [-17.88345,19.8705]","N0, N6, N9",0.0,0.7141938745646611,0.9348958333333334,1,174.60357071706318,4993,2966,0.16666666666666666,0.0011241731482818512,359,384
"[-1.4996900735307208,22.75], [2006.2,2035.8], [74.435575,142.15701275567733], [41.883500000000005,108.11850000000001], [-153.25,167.75], [9.959999999999999,52.2], [3.7,18.3], [-3.255,7.665]","N0, N2, N8, N9, N11, N12, N15, N16",0.0,0.7787602063699636,0.9512195121951219,1,142.75547573146804,4937,2969,0.4444444444444444,0.0009758695758857708,78,82
"[-7.050000000000001,15.05], [-31.135744505723792,2.552405383321485], [-2.269007325701611,11.18], [-2.9000000000000004,4.9], [0.09524816857459673,8.075248168574596], [16.31967721263864,53.74219556398948]","N0, N12, N13, N15, N16, N17",1.0,0.6831763152880905,0.9266304347826086,1,134.1779592457123,4992,2976,0.3333333333333333,0.0009172340851473758,341,368
"[-3.4400000000000004,7.44], [9.295,24.705], [10.634224999999997,49.631375000000006], [25.22286889456293,121.92911741128975], [-2.269007325701611,11.18], [-6.3,8.3]","N0, N3, N4, N8, N13, N15",1.0,0.48785314327070867,0.8662790697674418,1,130.64011124224461,4956,2995,0.3333333333333333,0.0008930495261103085,149,172
"[-7.050000000000001,7.46], [-58.31030164213631,70.63662835786367], [1147.24,1772.76], [-110.28242212715136,149.989353308666], [-2.0,24.0], [-3.705,3.705], [30.064155428564792,35.47119780971937]","N0, N5, N6, N11, N12, N13, N17",1.0,0.2373046875,0.75,1,119.24480000000001,4238,2996,0.3888888888888889,0.0008151517257487051,6,8
"[-7.050000000000001,15.05], [40.0,143.0], [-39.3055,-12.673299999999998], [-12.712634999999995,68.866035], [-22.5199,22.5199], [-2.0,24.0], [-6.935,6.935], [-4.839052427845585,5.030947572154416]","N0, N1, N4, N5, N9, N12, N13, N16",1.0,0.2535525376,0.76,1,99.29242127983065,4593,2996,0.4444444444444444,0.0006787582230841211,19,25
"[-7.050000000000001,15.05], [40.0,143.0], [2000.35,2033.65], [-1.0950000000000006,12.83], [-31.135744505723792,40.62425549427621], [-2.269007325701611,11.376479920386194], [0.09524816857459673,8.075248168574596], [22.05854001755297,43.96520668421964]","N0, N1, N2, N3, N12, N13, N16, N17",1.0,0.7404333764547968,0.9416666666666667,1,109.36999150954567,4989,3006,0.4444444444444444,0.000747648009172118,226,240
"[1989.8,2034.2], [-341.27,351.27], [-5.25,7.539751831425402], [38.42639137973566,116.90774137973565], [58.89368055883375,93.77174055883376], [-142.28574152129715,303.0746785744093], [-4.8,6.8]","N2, N6, N7, N8, N10, N11, N15",1.0,0.6253270858145679,0.910377358490566,2,107.99778720158767,4989,3006,0.3888888888888889,0.0014765353728534176,193,212
"[10.649999999999999,36.587393633457914], [-5.0,131.0], [-183.60279,11.133389999999991], [4.965913255635352,18.375], [-43.27463,43.27463], [-115.5,157.25], [-6.930000000000001,6.930000000000001]","N0, N1, N5, N7, N10, N11, N16",0.0,0.7558053974091821,0.9455445544554455,1,153.51189711721182,4993,3013,0.3888888888888889,0.0011790193240907578,382,404
"[-7.050000000000001,10.97], [1964.6953288333439,2027.65], [112.012312040218,119.16252499999999], [56.63482761128223,108.8668], [-34.44,40.44], [-5.985,5.985]","N0, N2, N8, N9, N12, N16",1,1.0,1.0,1,98.0,3484,3024,0.3333333333333333,0.0006699232932871966,2,2
"[-2.9700000000000006,7.44], [42.0,125.0], [-4.210000000000001,8.21], [-5.25,7.208614890977682], [45.2812,152.01322761128222], [-78.625,168.625], [-3.1350000000000002,3.1350000000000002], [-3.625745255423737,7.574254744576264]","N0, N1, N3, N7, N9, N11, N13, N15",1.0,0.5722382486442269,0.8943661971830986,1,99.25475655539479,4989,3024,0.4444444444444444,0.0006785007488368269,127,142
"[16.875,23.125], [9.959999999999999,60.72], [-107.5,107.5]","N7, N12, N14",0.0,1.0,1.0,2,167.16665128795165,4915,3027,0.16666666666666666,0.002285486399155448,98,98
"[-11.307679663935394,22.75], [41.883500000000005,108.11850000000001], [9.959999999999999,55.92], [-3.255,3.255], [22.0923613963039,39.92751540041068]","N0, N9, N12, N16, N17",0.0,0.7712068182342079,0.9493670886075949,1,133.52303223243163,4945,3041,0.2777777777777778,0.0009127570355392153,75,79
"[-2.6014396878769124,22.75], [2006.2,2035.8], [74.435575,142.15701275567733], [41.883500000000005,108.11850000000001], [-153.25,167.75], [9.959999999999999,52.2], [3.7,18.3], [-3.255,7.665]","N0, N2, N8, N9, N11, N12, N15, N16",0.0,0.7712068182342079,0.9493670886075949,1,142.75547598780318,4937,3041,0.4444444444444444,0.0009758695776380655,75,79
"[18.0,100.0], [50.95334525149471,145.2532852514947], [107.57467857440929,303.0746785744093], [-2.269007325701611,11.18], [0.09524816857459673,8.075248168574596]","N1, N10, N11, N13, N16",1.0,0.6680150630319404,0.9224806201550387,1,124.44918353024134,4954,3055,0.2777777777777778,0.0008507286416069594,119,129
"[-142.28574152129715,303.0746785744093], [-31.135744505723792,2.552405383321485], [-2.9000000000000004,6.8]","N11, N12, N15",1.0,0.6769850914498191,0.9249448123620309,1,131.4170410500382,4992,3060,0.16666666666666666,0.0008983605809622479,419,453
"[1977.76,2020.76], [-3.5199999999999996,7.52], [4.266349999999996,74.65145000000001], [-810.41,820.41], [38.42639137973566,144.55368926200202], [65.53498453975462,126.47118453975463], [-114.4028182492065,201.84718175079348], [-4.8,4.9], [0.09524816857459673,8.075248168574596]","N2, N3, N4, N6, N8, N9, N11, N15, N16",1.0,0.8735906630584365,0.9733333333333334,1,143.41212957511644,4907,3060,0.5,0.0009803584300233895,73,75
"[10.649999999999999,31.692441794269463], [21.0,91.0], [-383.15999999999997,689.16], [10.625,29.375], [-6.935,6.935], [6.6,13.4]","N0, N1, N6, N7, N13, N15",0.0,1.0,1.0,3,197.74194446290323,4993,3065,0.3333333333333333,0.004043686336381921,225,225
"[40.0,110.0], [-58.31030164213631,70.63662835786367], [-2.0,24.0], [-4.8,6.8], [2.251206749860051,17.16120674986005], [27.131164673530076,43.25116467353007]","N1, N5, N12, N15, N16, N17",1.0,0.7045873111649168,0.9323671497584541,1,158.4015302210076,4992,3075,0.3333333333333333,0.0010698395593144627,193,207
"[-7.050000000000001,7.46], [36.0,148.0], [-7.292448670799037,12.83], [-291.53999999999996,1093.54], [-176.49226023059134,391.1077397694087]","N0, N1, N3, N6, N14",1.0,0.5150301441291301,0.8757225433526011,1,132.85656505785298,4992,3075,0.2777777777777778,0.0008515593655771254,606,692
"[-2.75,22.75], [1998.83,2035.8], [74.435575,137.528425], [41.883500000000005,108.11850000000001], [-153.25,167.75], [9.959999999999999,52.2], [3.7,18.3], [22.0923613963039,39.92751540041068]","N0, N2, N8, N9, N11, N12, N15, N17",0.0,0.846468659824263,0.9672131147540983,1,140.62871139133804,4937,3087,0.4444444444444444,0.0009613311170002029,59,61
"[-27.000000000000004,29.000000000000004], [-32.94039,32.94039], [9.959999999999999,60.72], [-123.1,-49.50390041960267], [-6.930000000000001,7.665]","N1, N10, N12, N14, N16",0.0,0.0926607593894005,0.984375,1,133.293213688153,3096,3096,0.2777777777777778,0.0009111860070081785,0,0
"[-7.050000000000001,15.05], [42.0,143.0], [-162.82341930672527,149.989353308666], [-15.400000000000002,18.50850948915253], [0.09524816857459673,8.075248168574596], [30.064155428564792,35.47119780971937]","N0, N1, N11, N12, N16, N17",1.0,0.7091794647171326,0.933579335793358,1,145.18145078828348,4992,3102,0.3333333333333333,0.0009568747742240435,253,271
"[40.0,148.0], [-118.98541,2.0668099999999967], [-2.0,24.0], [-2.8653015623427147,3.2146984376572854], [-249.63192034177456,283.5680796582255]","N1, N5, N12, N13, N14",1.0,0.07052696002364418,0.5883977900552486,1,129.46044131035816,4982,3103,0.2777777777777778,0.0007816530970479201,213,362
"[40.0,110.0], [-58.31030164213631,70.63662835786367], [-2.0,2.552405383321485], [-2.9000000000000004,6.8], [2.251206749860051,17.16120674986005]","N1, N5, N12, N15, N16",1.0,0.6887730328927898,0.9281437125748503,1,153.79407492512752,4992,3114,0.2777777777777778,0.0010513289098152989,155,167
"[1992.47,2043.53], [16.55,23.45], [-17.2211,17.2211], [-26.36,44.36], [-3.4650000000000003,3.4650000000000003], [13.060848733744011,39.92751540041068]","N2, N3, N9, N12, N16, N17",0.0,0.6472278485082303,0.9166666666666666,1,118.34034308696032,4859,3117,0.3333333333333333,0.0008089689017301345,22,24
"[1995.1,2046.9], [9.295,24.705], [-142.511605,-55.669795], [107.57467857440929,303.0746785744093], [-31.135744505723792,40.62425549427621], [30.064155428564792,45.357488761898125]","N2, N3, N5, N11, N12, N17",0,0.000541922809869769,0.2222222222222222,1,117.20032,4847,3136,0.3333333333333333,0.0008011757586603397,2,9
"[1995.1,2046.9], [9.295,24.705], [-142.511605,-55.669795], [107.57467857440929,303.0746785744093], [-31.135744505723792,40.62425549427621], [186.04516031820182,656.2540439542097], [-4.1,8.1], [30.064155428564792,45.357488761898125]","N2, N3, N5, N11, N12, N14, N15, N17",1.0,0.2373046875,0.75,1,123.16,4672,3136,0.4444444444444444,0.0008419158449107258,6,8
"[-7.050000000000001,7.46], [40.0,148.0], [-48.44175,48.44175], [-2.0,24.0]","N0, N1, N10, N12",1.0,0.48111941736964825,0.8638743455497382,1,137.92837429616364,4992,3140,0.2222222222222222,0.0008948976710344404,495,573
"[-7.050000000000001,15.05], [40.0,143.0], [-79.64461097178106,242.355389028219], [-31.135744505723792,2.552405383321485], [0.09524816857459673,8.075248168574596], [16.31967721263864,43.96520668421964]","N0, N1, N11, N12, N16, N17",1.0,0.7577545476071409,0.946031746031746,1,143.589727805369,4992,3151,0.3333333333333333,0.0009815724829957647,298,315
"[10.649999999999999,29.35], [15.720224999999992,66.821425], [-383.15999999999997,960.22], [-17.88345,33.1175], [23.28,60.72]","N0, N4, N6, N9, N12",0.0,1.0,1.0,1,164.8872320334999,4993,3154,0.2777777777777778,0.0010671539001709761,92,92
"[1998.38,2017.62], [21.422274999999992,73.735525], [3.0,18.5], [42.858130588189155,125.89502499999999], [-165.75,167.75], [-20.52,50.800000000000004], [3.5999999999999996,16.4], [20.8676386036961,42.11199178644764]","N2, N4, N7, N8, N11, N12, N15, N17",0.0,0.29103830456733704,0.78125,1,158.78974124935016,4935,3156,0.4444444444444444,0.0010854790448774129,75,96
"[-7.050000000000001,15.05], [1989.8,2034.2], [-142.28574152129715,303.0746785744093], [-31.135744505723792,40.62425549427621], [-2.269007325701611,11.18], [0.09524816857459673,8.075248168574596], [22.05854001755297,43.96520668421964]","N0, N2, N11, N12, N13, N16, N17",1.0,0.558750767629326,0.8901098901098901,1,126.34356602082883,4992,3168,0.3888888888888889,0.0008636785493298163,405,455
"[12.07,21.93], [2012.16,2037.155828958142], [-153.25,157.25], [-17.92,52.2], [-6.935,6.935], [-7.77,7.77], [5.675619438740588,33.78228610540725]","N0, N2, N11, N12, N13, N16, N17",0.0,0.9265035879734235,0.9848484848484849,1,169.33323918703041,4945,3174,0.3888888888888889,0.0011575538903996325,65,66
"[-2.84,14.84], [40.0,143.0], [3.17,12.83], [-79.64461097178106,149.989353308666], [-31.135744505723792,18.50850948915253], [0.09524816857459673,8.075248168574596], [30.064155428564792,43.96520668421964]","N0, N1, N3, N11, N12, N16, N17",1.0,0.7020976686808506,0.9317073170731708,2,157.45507591247036,4992,3179,0.3888888888888889,0.00212350432813604,191,205
"[-7.050000000000001,15.05], [42.0,143.0], [-43.92052,43.92052], [-162.82341930672527,242.355389028219], [-14.64,18.64], [16.31967721263864,35.47119780971937]","N0, N1, N10, N11, N12, N17",1.0,0.2078335865536631,0.7303703703703703,1,144.63723629430928,4992,3179,0.3333333333333333,0.0009522244940447345,493,675
"[-7.050000000000001,7.46], [-808.58,844.58], [0.28975183142540306,7.539751831425402], [-31.135744505723792,2.552405383321485], [217.65404395420967,813.8525002126446]","N0, N6, N7, N12, N14",1.0,0.8810956933593749,0.975,1,128.934469881058,4956,3185,0.2777777777777778,0.000881389843683237,78,80
"[18.0,100.0], [1996.1,2047.9], [0.28975183142540306,7.539751831425402], [-31.135744505723792,2.552405383321485], [0.09524816857459673,8.075248168574596]","N1, N2, N7, N12, N16",1.0,0.8921924765169597,0.9774436090225563,3,133.42700973853576,4954,3185,0.2777777777777778,0.002736301891148043,130,133
"[5.199999999999999,18.8], [-43.784915,53.583175], [3.0,18.5], [-29.80575,29.80575], [-6.555000000000001,6.555000000000001], [3.5999999999999996,16.4]","N0, N5, N7, N9, N13, N15",0.0,0.3594560620512584,0.8149466192170819,1,174.37660394420374,4993,3190,0.3333333333333333,0.001205912716158911,229,281
"[-7.050000000000001,7.46], [40.0,148.0], [1977.76,2016.24], [-1.0950000000000006,16.90405343240964], [12.536124999999995,55.337875], [-45.85818999999999,45.85818999999999], [-2.0,24.0], [1.1164799203861921,11.376479920386194], [27.131164673530076,43.25116467353007]","N0, N1, N2, N3, N4, N10, N12, N13, N17",1.0,0.7703357918738192,0.9491525423728814,1,185.086295394386,4992,3209,0.5,0.0012978592757117225,112,118
"[-7.050000000000001,7.46], [40.0,143.0], [-172.56183935437522,247.18816064562478], [-4.8,6.8]","N0, N1, N11, N15",1.0,0.542431070318369,0.8848484848484849,1,132.6305889242798,4992,3209,0.2222222222222222,0.0008496284130821298,730,825
"[1989.8044787857136,2035.84], [11.0,25.0], [-17.88345,19.8705], [-28.375,168.625], [-4.194672374854426,2.0632593517678863], [-5.565,3.4650000000000003], [13.060848733744011,39.92751540041068]","N2, N7, N9, N11, N13, N16, N17",0.0,0.8510330529011969,0.9682539682539683,1,161.2639133856008,4981,3210,0.3888888888888889,0.0011023923667720706,122,126
"[-7.050000000000001,15.05], [42.0,143.0], [-162.82341930672527,242.355389028219], [0.09524816857459673,8.075248168574596]","N0, N1, N11, N16",1.0,0.5933234400907428,0.9008620689655172,1,135.99730893868642,4992,3222,0.2222222222222222,0.0008783968334855379,627,696
"[-7.050000000000001,15.05], [42.0,143.0], [-3.5199999999999996,7.52], [-162.82341930672527,242.355389028219], [-31.135744505723792,2.552405383321485], [-0.3322040268352402,6.867795973164759], [0.09524816857459673,8.075248168574596], [22.05854001755297,43.96520668421964]","N0, N1, N3, N11, N12, N15, N16, N17",1.0,0.8487852119680392,0.967741935483871,2,140.08741086512856,4966,3227,0.4444444444444444,0.0019152616252008884,150,155
"[16.55,21.865000000000002], [-45.10447500000001,-2.302724999999999], [1.75,23.125], [68.87315000000001,109.93885], [-39.39929,39.39929], [-15.760000000000002,23.76], [-2.465,6.465], [22.0923613963039,39.92751540041068]","N3, N4, N7, N9, N10, N12, N13, N17",0.0,0.13168724279835387,0.6666666666666666,1,117.0,4945,3239,0.4444444444444444,0.0007998063807612449,2,3
"[-7.050000000000001,15.05], [42.0,143.0], [-29.06505,29.06505], [-162.82341930672527,242.355389028219], [0.09524816857459673,8.075248168574596]","N0, N1, N10, N11, N16",1.0,0.5564653045311754,0.8893805309734514,1,142.30415907676615,4992,3241,0.2777777777777778,0.0009322884892861909,402,452
"[10.649999999999999,29.35], [-55.0,112.0], [71.770775,159.485225], [-39.39929,39.39929], [-153.25,137.5], [-17.92,52.2], [-5.565,3.6750000000000003]","N0, N1, N8, N10, N11, N12, N16",0.0,0.8055339584982939,0.9576719576719577,1,158.42692883805088,4981,3247,0.3888888888888889,0.00108299887665881,181,189
"[1996.9,2019.1], [-383.15999999999997,689.16], [1.75,23.125], [-17.92,55.92], [-277.70000000000005,315.70000000000005], [1.9000000000000004,12.1]","N2, N6, N7, N12, N14, N15",0.0,0.08331209784111365,0.6083333333333333,1,157.9558128850979,4981,3247,0.3333333333333333,0.0009788725437905187,219,360
"[-7.050000000000001,15.05], [42.0,143.0], [0.09524816857459673,8.075248168574596]","N0, N1, N16",1.0,0.5947259223654554,0.9012875536480687,1,135.8430922508822,4992,3249,0.16666666666666666,0.0008770790611465885,630,699
"[42.0,143.0], [0.125,5.875], [-162.82341930672527,242.355389028219], [0.09524816857459673,8.075248168574596]","N1, N3, N11, N16",1.0,0.6504672206538786,0.9175824175824175,1,125.46576126883481,4966,3249,0.2222222222222222,0.0008576779182041124,167,182
"[-7.050000000000001,15.05], [42.0,143.0], [-162.82341930672527,242.355389028219], [-29.43916458913478,36.08083541086522], [0.09524816857459673,8.075248168574596]","N0, N1, N11, N12, N16",1.0,0.5856814751253546,0.8985294117647059,1,135.99730893868642,4992,3260,0.2777777777777778,0.0008783968334855379,611,680
"[12.07,21.93], [2012.16,2035.84], [3.295,17.164748144088378], [-78.65603499999999,108.185435], [-35.52395,27.77327], [-153.25,157.25], [-6.935,6.935], [-228.50000000000003,244.50000000000003], [-7.77,7.77]","N0, N2, N3, N5, N10, N11, N13, N14, N16",0.0,1.0,1.0,1,198.6981494669954,4937,3263,0.5,0.00135829100674491,46,46
"[-7.050000000000001,15.05], [42.0,143.0], [0.28975183142540306,7.539751831425402], [0.09524816857459673,8.075248168574596]","N0, N1, N7, N16",1.0,0.7265584556084422,0.9381107491856677,2,112.92761703917066,4989,3265,0.2222222222222222,0.0015439355328562558,288,307
"[2.59,27.41], [-6.050000000000001,10.05], [-53.18925,5.782050000000002], [-19.04,35.04], [-6.935,5.32], [-281.8,285.8], [-7.665,12.824645247853972]","N0, N3, N4, N12, N13, N14, N16",0.0,0.06285491210937498,0.575,1,94.22712143648612,4981,3272,0.3888888888888889,0.0006441320766296263,69,120
"[1.75,20.25], [-39.39929,39.39929], [1.9000000000000004,13.8], [-1.8326345311764918,37.07400410677618]","N7, N10, N15, N17",0.0,0.10654512560830555,0.6390086206896551,1,145.5152318103065,4993,3272,0.2222222222222222,0.0009970615101678668,593,928
"[-47.0,79.0], [10.399999999999999,19.6], [-989.9320958043011,1426.39], [3.5,18.375], [9.959999999999999,38.04], [3.0,18.3]","N1, N3, N6, N7, N12, N15",0.0,0.937907975299553,0.9872611464968153,1,173.81470965137936,4955,3274,0.3333333333333333,0.001188189007259285,155,157
"[12.07,36.587393633457914], [-47.0,79.0], [43.880480000000006,233.35351999999997], [3.5,18.375], [-39.39929,39.39929], [-115.5,157.25], [9.959999999999999,38.04], [-6.930000000000001,6.930000000000001], [22.0923613963039,39.92751540041068]","N0, N1, N5, N7, N10, N11, N12, N16, N17",0.0,1.0,1.0,2,133.51374205508904,4981,3274,0.5,0.001825387056666174,30,30
"[1977.76,2046.9], [-808.58,844.58], [44.9692,131.1448], [-142.28574152129715,303.0746785744093], [418.2525002126445,656.2540439542097]","N2, N6, N8, N11, N14",1.0,0.7241964340209961,0.9375,1,139.76989873913752,4941,3281,0.2777777777777778,0.0009554603149565408,45,48
"[10.399999999999999,19.6], [-989.9320958043011,960.22], [3.5,18.375], [-5.355,5.355]","N3, N6, N7, N16",0.0,0.10747319952937898,0.640117994100295,1,136.0233524789599,4955,3286,0.2222222222222222,0.0009298491046598977,217,339
"[-7.050000000000001,15.05], [42.0,143.0], [1977.24,2012.76], [0.09524816857459673,8.075248168574596]","N0, N1, N2, N16",1.0,0.5947627028623249,0.9012987012987013,1,143.3619622111872,4992,3288,0.2222222222222222,0.0009413273535650285,347,385
"[42.0,143.0], [-21.96026,21.96026], [-162.82341930672527,242.355389028219], [0.09524816857459673,8.075248168574596]","N1, N10, N11, N16",1.0,0.47653637748543753,0.8622222222222222,1,142.3049577733687,4992,3288,0.2222222222222222,0.00093229531410071,388,450
"[-3.4400000000000004,7.44], [1977.76,2020.76], [9.295,24.705], [25.22286889456293,121.92911741128975], [48.857211466625095,136.6982514666251], [-2.269007325701611,11.18]","N0, N2, N3, N8, N10, N13",1.0,0.44648890045380407,0.851063829787234,1,129.80977105421158,4956,3293,0.3333333333333333,0.0008873733604642288,120,141
"[-3.4400000000000004,7.44], [18.0,100.0], [-33.90115,36.48395000000001], [-674.54,801.561497501853], [-4.783862081010513,11.216137918989487], [25.22286889456293,140.60709643505515], [7.548782685067928,15.738782685067928]","N0, N1, N4, N6, N7, N8, N16",1.0,0.670176922268936,0.9230769230769231,1,124.96214144385894,4956,3293,0.3888888888888889,0.0008542351972682699,24,26
"[12.07,29.35], [15.720224999999992,72.21205], [-45.396074999999996,45.396074999999996], [-33.1175,33.1175], [9.959999999999999,60.72], [-290.3,320.3]","N0, N4, N8, N9, N12, N14",0.0,0.9781667807270431,0.9955947136563876,1,175.9069849405976,4969,3299,0.3333333333333333,0.0011040460968703588,226,227
"[-78.65603499999999,108.185435], [-383.15999999999997,689.16], [-35.52395,27.77327], [-76.625,78.625], [-17.92,52.2], [-6.935,6.935], [-278.5,280.5], [6.6,13.4], [-7.77,7.77]","N5, N6, N10, N11, N12, N13, N14, N15, N16",0.0,0.9466317160397442,0.9890909090909091,1,204.7090426469807,4993,3302,0.5,0.001378376085294262,272,275
"[10.649999999999999,31.692441794269463], [2012.16,2035.84], [3.295,17.164748144088378], [10.625,29.375], [38.0848,106.9692], [6.9,13.1]","N0, N2, N3, N7, N9, N15",0.0,1.0,1.0,1,179.58939904000002,4602,3302,0.3333333333333333,0.0012276645065749522,12,12
"[12.07,31.692441794269463], [-64.0,70.0], [-33.1175,33.1175], [-153.25,157.25], [9.959999999999999,60.72], [6.6,13.4], [-3.255,3.255]","N0, N1, N9, N11, N12, N15, N16",0.0,1.0,1.0,1,196.68301646490926,4915,3322,0.3888888888888889,0.001302708317114359,204,204
"[-7.050000000000001,15.05], [40.0,143.0], [2000.35,2034.2], [-341.27,351.27], [-5.25,7.539751831425402], [0.09524816857459673,8.075248168574596], [22.05854001755297,43.96520668421964]","N0, N1, N2, N6, N7, N16, N17",1.0,0.7294825169296393,0.9388646288209607,2,119.85201154214624,4989,3324,0.3888888888888889,0.0016386051893757083,215,229
"[1992.47,2035.84], [9.959999999999999,44.36], [3.0,18.3]","N2, N12, N15",0.0,0.8860573131550531,0.9760956175298805,3,188.1837336962265,4945,3341,0.16666666666666666,0.003711504937201245,245,251
"[2000.35,2034.2], [-3.287340260359416,10.962659739640586], [107.57467857440929,303.0746785744093], [0.09524816857459673,8.075248168574596]","N2, N7, N11, N16",1.0,0.6020906275961526,0.9035087719298246,1,122.48335873872665,4954,3353,0.2222222222222222,0.0008372903577461723,103,114
"[-7.050000000000001,15.05], [18.0,143.0], [13.675,26.325], [-341.27,351.27], [-5.25,7.539751831425402], [-2.269007325701611,11.18], [22.05854001755297,43.96520668421964]","N0, N1, N3, N6, N7, N13, N17",1.0,0.4847341225002062,0.8651685393258427,1,131.396002737313,4956,3353,0.3888888888888889,0.0008982167640668799,77,89
"[5.199999999999999,18.8], [-27.000000000000004,75.0], [-660.3900000000001,1426.39], [-6.555000000000001,6.555000000000001], [-3.885,3.885]","N0, N1, N6, N13, N16",0.0,0.32511198758911825,0.7987421383647799,1,161.4864246904479,4993,3356,0.2777777777777778,0.0010271704070835466,381,477
"[1992.47,2035.84], [3.0,18.3]","N2, N15",0.0,0.33435804120483187,0.8032345013477089,1,173.35039655873203,4945,3358,0.1111111111111111,0.0011104183370740169,298,371
"[-98.992865,93.11174499999998], [9.959999999999999,44.36], [-3.255,7.665]","N5, N12, N16",0.0,0.8795553935880631,0.9746588693957114,2,173.87634861123854,4993,3358,0.16666666666666666,0.00222407258861143,500,513
"[-7.050000000000001,7.46], [40.0,148.0], [1977.76,2016.24], [-1.0950000000000006,16.90405343240964], [12.536124999999995,55.337875], [7.625,14.375], [-45.85818999999999,45.85818999999999], [-2.0,24.0], [1.1164799203861921,11.376479920386194], [27.131164673530076,43.25116467353007]","N0, N1, N2, N3, N4, N7, N10, N12, N13, N17",1.0,0.776298114739673,0.9506172839506173,1,182.77460836520171,4992,3367,0.5555555555555556,0.0012781060488285536,77,81
"[-47.0,79.0], [16.55,23.45], [-514.22,1426.39], [-17.2211,33.1175], [-26.36,60.72], [13.060848733744011,39.92751540041068]","N1, N3, N6, N9, N12, N17",0.0,0.4234790289079717,0.8421052631578947,1,117.39733988186521,4987,3382,0.3333333333333333,0.0008025225771103621,16,19
"[1996.5756602563981,2043.53], [-33.1175,17.2211], [-22.284333753181468,25.8356], [9.959999999999999,44.36], [3.0,18.3], [-3.4650000000000003,3.4650000000000003]","N2, N9, N10, N12, N15, N16",0.0,0.9600052236856841,0.991869918699187,1,192.54965736204588,4915,3382,0.3333333333333333,0.0012744748680183513,122,123
"[12.07,29.35], [-183.60279,11.133389999999991], [7.0,15.0], [-86.25,86.25], [9.959999999999999,60.72], [-5.32,5.32], [-239.39999999999998,259.4], [-3.6750000000000003,3.6750000000000003], [22.0923613963039,57.1568925393566]","N0, N5, N7, N11, N12, N13, N14, N16, N17",0.0,1.0,1.0,1,187.61975450738808,4945,3386,0.5,0.001260428773084053,195,195
"[-7.050000000000001,15.05], [0.28975183142540306,7.539751831425402], [1.2299225595969574,213.97992255959696], [-2.9000000000000004,4.9]","N0, N7, N11, N15",1.0,0.49184553897282407,0.8676923076923077,1,105.49178429271242,4989,3391,0.2222222222222222,0.0007211367708991476,282,325
"[-7.050000000000001,7.46], [40.0,91.0], [2000.35,2034.2], [71.00729432166852,136.6982514666251], [107.57467857440929,303.0746785744093], [-1.9082178023016945,5.491782197698306]","N0, N1, N2, N10, N11, N15",1.0,0.6839095992798868,0.926829268292683,1,143.38707178801803,4884,3396,0.3333333333333333,0.0009801871361942523,114,123
"[-5.25,10.962659739640586], [33.7984,107.9816], [-142.28574152129715,303.0746785744093], [-2.269007325701611,11.376479920386194], [0.09524816857459673,8.075248168574596]","N7, N9, N11, N13, N16",1.0,0.649790109152045,0.9173913043478261,2,110.34034229918989,4989,3396,0.2777777777777778,0.0015085625611328541,211,230
"[5.199999999999999,29.35], [-55.0,112.0], [-383.15999999999997,960.22], [-33.1175,19.8705], [-6.935,6.935], [-239.39999999999998,259.4], [-6.3,6.3]","N0, N1, N6, N9, N13, N14, N16",0.0,0.31809136901979357,0.7952622673434856,1,144.46184643098098,4993,3422,0.3888888888888889,0.0009902201546629003,470,591
"[-47.0,79.0], [10.399999999999999,19.6], [-989.9320958043011,1426.39], [3.5,18.375], [54.43137,140.98063000000002], [9.959999999999999,38.04], [3.0,18.3]","N1, N3, N6, N7, N10, N12, N15",0.0,0.5904900000000001,0.9,1,134.627456,4895,3427,0.3888888888888889,0.0009203068233713995,9,10
"[40.0,143.0], [-341.27,351.27], [-5.25,7.539751831425402], [33.7984,107.9816], [0.09524816857459673,8.075248168574596], [22.05854001755297,43.96520668421964]","N1, N6, N7, N9, N16, N17",1.0,0.7164427963651452,0.9354838709677419,1,122.50599178815514,4989,3430,0.3333333333333333,0.0008374450761850525,174,186
"[1977.76,2020.76], [-808.58,844.58], [-31.135744505723792,2.552405383321485], [418.2525002126445,813.8525002126446], [16.31967721263864,37.81301054597198]","N2, N6, N12, N14, N17",1.0,1.0,1.0,1,128.95029073302675,4956,3432,0.2777777777777778,0.0008814979942674565,31,31
"[-383.15999999999997,1426.39], [-33.1175,33.1175], [-19.04,60.72], [3.0,18.3], [-5.565,5.565]","N6, N9, N12, N15, N16",0.0,0.26478109820188855,0.7666151468315301,1,167.17316498103426,4993,3448,0.2777777777777778,0.0010001646113035013,496,647
"[-7.050000000000001,15.05], [40.0,143.0], [2000.35,2034.2], [3.1289899294931445,97.86550992949313], [107.57467857440929,303.0746785744093], [-1.9082178023016945,5.491782197698306], [0.09524816857459673,8.075248168574596], [22.05854001755297,43.96520668421964]","N0, N1, N2, N5, N11, N15, N16, N17",1.0,0.620921323059155,0.9090909090909091,1,128.7168006650873,4884,3455,0.4444444444444444,0.0008799018673770092,50,55
"[2000.35,2034.2], [-341.27,351.27], [-5.25,7.539751831425402], [71.00729432166852,136.6982514666251]","N2, N6, N7, N10",1.0,0.5054147784584477,0.8724279835390947,1,110.09861322545922,4989,3455,0.2222222222222222,0.0007526288322280912,212,243
"[-7.050000000000001,15.05], [3.17,12.83], [-45.212300000000006,45.212300000000006], [-162.82341930672527,242.355389028219], [-15.400000000000002,18.50850948915253], [0.09524816857459673,8.075248168574596]","N0, N3, N10, N11, N12, N16",1.0,0.4967497542729119,0.8694158075601375,1,144.64092314881924,4992,3459,0.3333333333333333,0.0009522559979951833,253,291
"[12.07,21.93], [2012.16,2035.84], [-78.65603499999999,108.185435], [197.69,1158.31], [-35.52395,35.52395], [-15.36,29.36]","N0, N2, N5, N6, N10, N12",0.0,0.670176922268936,0.9230769230769231,1,171.318347264,4945,3462,0.3333333333333333,0.001171123993873658,12,13
"[-2.9700000000000006,10.97], [1964.6953288333439,2027.65], [77.07000000000005,724.93], [112.012312040218,119.16252499999999], [45.2812,108.8668], [-78.625,168.625], [-20.52,32.519999999999996], [-3.1350000000000002,3.1350000000000002], [-5.985,5.985]","N0, N2, N6, N8, N9, N11, N12, N13, N16",1,0.1,1.0,1,93.33333333333333,3484,3484,0.5,0.0006380221840830443,0,0
"[-33.1175,33.1175], [9.959999999999999,60.72], [-6.935,5.32]","N9, N12, N13",0.0,0.9114754626307454,0.9816326530612245,1,172.69757765818548,4993,3486,0.16666666666666666,0.0010923633899565098,481,490
"[-747.5600000000001,771.5600000000001], [9.1974225209626,15.0], [9.959999999999999,60.72], [-1.8000000000000003,3.8000000000000003], [-7.665,7.665]","N6, N7, N12, N15, N16",0.0,0.7631229607539922,0.9473684210526315,1,112.64679154198981,4969,3486,0.2777777777777778,0.0007700480568167973,36,38
"[1977.76,2020.76], [-54.554719999999996,66.4975], [25.22286889456293,121.92911741128975], [48.857211466625095,136.6982514666251], [418.2525002126445,813.8525002126446]","N2, N5, N8, N10, N14",1.0,1.0,1.0,2,120.77620387820338,4956,3488,0.2777777777777778,0.0016512406582206507,19,19
"[-78.65603499999999,108.185435], [-383.15999999999997,689.16], [-35.52395,27.77327], [-76.625,78.625], [-17.92,52.2], [-6.935,6.935], [-371.4302036053032,280.5], [6.6,16.349283823633755], [-7.77,7.77]","N5, N6, N10, N11, N12, N13, N14, N15, N16",0.0,0.9452689652967391,0.9888059701492538,1,196.9260655189522,4993,3503,0.5,0.0013118710129831936,265,268
"[-4.395,12.395], [-514.22,960.22], [3.5,15.0], [-32.2945,32.2945], [23.28,60.72], [-5.32,5.32], [-3.6750000000000003,3.6750000000000003]","N3, N6, N7, N10, N12, N13, N16",0.0,1.0,1.0,1,142.5255110295264,4993,3511,0.3888888888888889,0.000876074336669045,90,90
"[40.0,91.0], [0.28975183142540306,7.539751831425402], [-1.9082178023016945,4.9]","N1, N7, N15",1.0,0.5865949608326513,0.8988095238095238,1,108.55123091686406,4989,3523,0.16666666666666666,0.0007420510010837196,302,336
"[-7.050000000000001,15.05], [2000.35,2034.2], [-341.27,351.27], [-5.25,7.539751831425402], [58.542922718817934,136.6982514666251]","N0, N2, N6, N7, N10",1.0,0.5008125713948066,0.8708333333333333,1,110.09861309453575,4989,3523,0.2777777777777778,0.0007526288313331047,209,240
"[-98.992865,61.6731237430112], [9.959999999999999,44.36], [-3.255,7.665]","N5, N12, N16",0.0,0.8680833503240067,0.9721030042918455,2,173.87634861123854,4993,3527,0.16666666666666666,0.00222407258861143,453,466
"[42.0,143.0], [-162.82341930672527,242.355389028219], [-7.400355606024612,8.075248168574596]","N1, N11, N16",1.0,0.07951693356182936,0.6026871401151631,1,158.43075914706253,4992,3532,0.16666666666666666,0.0009548229262469948,628,1042
"[1964.6953288333439,2020.76], [-6.6287236575295285,9.621276342470471], [25.22286889456293,121.92911741128975], [48.857211466625095,136.6982514666251], [418.2525002126445,813.8525002126446]","N2, N7, N8, N10, N14",1.0,0.6278511798675676,0.9111111111111111,1,132.6862752362129,4956,3533,0.2777777777777778,0.0009070370049005628,41,45
"[40.0,148.0], [-45.396074999999996,45.396074999999996]","N1, N8",1.0,0.0860503926637177,0.612280701754386,1,160.86630090741414,4992,3541,0.1111111111111111,0.0009954705007107136,349,570
"[-58.31030164213631,70.63662835786367], [-45.85818999999999,45.85818999999999], [-2.0,24.0], [1.1164799203861921,18.651496191448913]","N5, N10, N12, N13",1.0,0.5674268557185995,0.8928571428571429,1,156.3971977921487,4992,3541,0.2222222222222222,0.0010527126590391632,125,140
"[10.649999999999999,29.35], [1989.24,2024.76], [10.625,29.375], [-34.23217,34.23217]","N0, N2, N7, N10",0.0,0.7860406899662943,0.9529914529914529,1,179.56341877866674,4981,3543,0.2222222222222222,0.0011635082389470424,223,234
"[15.720224999999992,72.21205], [-58.60054530463934,108.185435], [-372.69000000000005,900.69], [9.959999999999999,60.72], [-107.5,107.5], [6.6,13.4]","N4, N5, N6, N12, N14, N15",0.0,0.9330605581694462,0.9862385321100917,2,204.29807183754414,4993,3543,0.3333333333333333,0.0027497287288001915,215,218
"[-47.0,75.0], [0.7200000000000006,17.28], [-660.3900000000001,1426.39], [3.625,18.5], [37.603474999999996,119.16252499999999], [36.03294999999999,119.48904999999999], [-20.52,45.56], [-6.555000000000001,5.89], [-2.9350000000000005,6.9350000000000005]","N1, N3, N6, N7, N8, N9, N12, N13, N16",0.0,0.061861440362177916,0.573170731707317,1,121.20925299248344,4937,3549,0.5,0.0008285806320571989,94,164
"[10.649999999999999,29.35], [-12.0,112.0], [-58.60054530463934,108.185435], [-17.88345,19.8705], [-153.25,162.90040568542645], [-6.935,6.935], [-283.8,315.70000000000005], [-7.77,5.565], [5.675619438740588,33.78228610540725]","N0, N1, N5, N9, N11, N13, N14, N16, N17",0.0,0.7169731018906633,0.9356223175965666,1,159.76933097509635,4993,3553,0.5,0.0012160446228536446,218,233
"[-47.0,112.0], [2012.16,2035.84], [15.720224999999992,66.821425], [78.06500748807622,129.333225], [-17.92,52.2], [-107.5,283.8], [19.112005475701572,37.29867214236824]","N1, N2, N4, N8, N12, N14, N17",0.0,0.10564979349767295,0.6379310344827587,1,114.65495560440688,4937,3553,0.3888888888888889,0.000783775769900016,74,116
"[1977.76,2020.76], [-5.25,10.962659739640586], [25.22286889456293,121.92911741128975], [33.7984,107.9816], [48.857211466625095,136.6982514666251], [-142.28574152129715,303.0746785744093]","N2, N7, N8, N9, N10, N11",1.0,0.3005485608170024,0.7862903225806451,1,111.43199836719626,4948,3555,0.3333333333333333,0.0007617437890176085,195,248
"[-383.15999999999997,960.22], [23.28,44.36], [-3.255,7.665]","N6, N12, N16",0.0,1.0,1.0,2,145.81926877766153,4993,3559,0.16666666666666666,0.0018084385977748475,120,120
"[-7.050000000000001,15.05], [40.0,148.0], [-7.292448670799037,12.83], [7.25,14.75], [-36.932399999999994,36.932399999999994], [-162.82341930672527,242.355389028219], [-15.400000000000002,18.50850948915253], [0.09524816857459673,17.16120674986005]","N0, N1, N3, N7, N8, N11, N12, N16",1.0,0.6459978453510112,0.9163179916317992,2,152.02234264421747,4992,3562,0.4444444444444444,0.0020306595688855578,219,239
"[3.1000000000000005,16.9], [-58.31030164213631,70.63662835786367], [-45.85818999999999,45.85818999999999], [-2.0,24.0], [1.1164799203861921,18.651496191448913]","N3, N5, N10, N12, N13",1.0,0.5576652880785437,0.889763779527559,1,163.6337046656467,4992,3564,0.2777777777777778,0.001114548175832393,113,127
"[-7.050000000000001,20.42309992725555], [18.0,100.0], [9.295,24.935000000000002], [0.28975183142540306,7.539751831425402], [74.91760724102508,118.63270724102509], [-31.135744505723792,2.552405383321485], [5.869583792860218,14.899583792860216]","N0, N1, N3, N7, N9, N12, N16",1.0,0.8650761992027131,0.9714285714285714,1,128.12577342113795,4956,3566,0.3888888888888889,0.0008758616335230397,34,35
"[-11.24,15.05], [1977.76,2020.76], [9.065,24.705], [10.634224999999997,49.631375000000006], [25.22286889456293,121.92911741128975], [48.857211466625095,136.6982514666251], [52.254661518907824,391.5046615189078], [-1.2621975883506633,8.427802411649337], [418.2525002126445,813.8525002126446]","N0, N2, N3, N4, N8, N10, N11, N13, N14",1.0,0.4182119423999999,0.84,1,146.63922138093508,4884,3566,0.5,0.0010024186746182277,21,25
"[-47.0,79.0], [-33.1175,33.1175], [-22.284333753181468,25.8356], [-86.25,86.25], [-6.935,5.32], [-239.39999999999998,259.4], [3.0,18.3]","N1, N9, N10, N11, N13, N14, N15",0.0,0.35289747080227274,0.81195079086116,1,144.67066871854917,4993,3569,0.3888888888888889,0.0009957837230142894,462,569
"[-45.85818999999999,45.85818999999999], [151.36333979592922,444.6133397959292], [-2.0,24.0], [1.1164799203861921,11.376479920386194], [418.2525002126445,813.8525002126446], [18.82710472279261,35.36043805612594]","N10, N11, N12, N13, N14, N17",1.0,0.1,1.0,1,26.0,3572,3572,0.3333333333333333,0.00017773475128027665,0,0
"[9.295,24.705], [-58.31030164213631,70.63662835786367], [-2.269007325701611,18.39054453538112], [0.09524816857459673,8.075248168574596]","N3, N5, N13, N16",1.0,0.29868105004093987,0.7853107344632768,1,142.7159856289008,4992,3572,0.2222222222222222,0.0009358075224503383,139,177
"[10.649999999999999,31.692441794269463], [15.720224999999992,72.21205], [-58.60054530463934,108.185435], [-383.15999999999997,900.69], [-6.935,6.935], [-107.5,107.5], [6.6,13.4]","N0, N4, N5, N6, N13, N14, N15",0.0,1.0,1.0,1,207.00980419691362,4993,3584,0.3888888888888889,0.0013980359546131348,160,160
"[0.25,25.75], [18.093249999999994,77.06455], [-372.69000000000005,-282.65043644938135], [10.625,29.375], [9.959999999999999,60.72], [6.6,13.4]","N0, N4, N6, N7, N12, N15",0.0,0.1,1.0,1,183.90187089988441,3584,3584,0.3333333333333333,0.0012571443570910962,0,0
"[-514.22,960.22], [-186.875,186.875], [23.28,60.72], [-6.935,5.32]","N6, N11, N12, N13",0.0,1.0,1.0,2,145.8200225730871,4993,3597,0.2222222222222222,0.0018084514800481633,128,128
"[-383.15999999999997,960.22], [7.375,15.0], [-3.255,7.665]","N6, N7, N16",0.0,0.07108569802033968,0.5893271461716937,1,145.63226030677657,4993,3597,0.16666666666666666,0.0010231498614150223,508,862
"[-22.999999999999996,112.0], [16.55,23.45], [4.266349999999996,74.65145000000001], [-660.3900000000001,1733.4721529683075], [-28.375,138.375], [-3.1350000000000002,3.1350000000000002], [19.100000000000023,517.9]","N1, N3, N4, N6, N11, N13, N14",0.0,0.3276800000000001,0.8,1,120.23960182784,4987,3606,0.3888888888888889,0.0008219521432657939,12,15
"[-7.050000000000001,15.05], [0.28975183142540306,7.539751831425402], [-31.135744505723792,2.552405383321485], [0.09524816857459673,8.075248168574596], [22.05854001755297,43.96520668421964]","N0, N7, N12, N16, N17",1.0,0.7703357918738192,0.9491525423728814,1,135.76863377661434,4954,3611,0.2777777777777778,0.0009281078598442122,112,118
"[1.6099999999999994,24.39], [2012.16,2035.84], [3.295,17.164748144088378], [-53.18925,5.782050000000002], [1.75,20.25], [-39.39929,39.39929], [-17.92,35.04], [-6.935,6.935], [-281.8,285.8], [-1.8326345311764918,37.07400410677618]","N0, N2, N3, N4, N7, N10, N12, N13, N14, N17",0.0,1.0,1.0,1,170.0,4395,3615,0.5555555555555556,0.0011621118352941166,1,1
"[-58.60054530463934,108.185435], [10.625,29.375], [9.959999999999999,60.72], [-107.5,107.5], [6.6,13.4]","N5, N7, N12, N14, N15",0.0,0.9532793845401965,0.9904761904761905,1,201.5923860274347,4993,3631,0.2777777777777778,0.0013517444415874816,208,210
"[-183.60279,11.133389999999991], [23.28,52.2]","N5, N12",0.0,1.0,1.0,2,146.6671836135764,4993,3641,0.1111111111111111,0.0018229293605121735,100,100
"[-12.0,112.0], [1977.61,2012.39], [-351.82000000000005,675.82], [23.125,27.83688676650724], [-19.04,60.72], [-6.08,6.08]","N1, N2, N6, N7, N12, N13",0.0,1.0,1.0,2,74.33333333333333,4619,3652,0.3333333333333333,0.001016278193217992,3,3
"[-7.050000000000001,15.05], [-80.90755,98.03921000000001], [0.28975183142540306,7.539751831425402], [-31.135744505723792,2.552405383321485], [-2.9000000000000004,4.9], [16.31967721263864,43.96520668421964]","N0, N5, N7, N12, N15, N17",1.0,0.7058167732194119,0.9326923076923077,2,127.03187828889654,4956,3659,0.3333333333333333,0.0017367676378725692,97,104
"[-4.395,12.395], [-183.60279,11.133389999999991], [3.5,15.0], [-33.1175,33.1175], [23.28,60.72], [-5.32,5.32], [-239.39999999999998,259.4], [-3.6750000000000003,3.6750000000000003]","N3, N5, N7, N9, N12, N13, N14, N16",0.0,1.0,1.0,1,156.49305531611554,4993,3663,0.4444444444444444,0.0009954261640619858,67,67
"[-7.050000000000001,15.05], [1977.76,2020.76], [-12.217255968960508,15.862744031039494], [0.09524816857459673,8.075248168574596], [22.05854001755297,53.74219556398948]","N0, N2, N12, N16, N17",1.0,0.5339113800527062,0.882051282051282,2,137.9486279735685,4992,3667,0.2777777777777778,0.0017901414749838872,344,390
"[0.28975183142540306,7.539751831425402], [-31.135744505723792,2.552405383321485]","N7, N12",1.0,0.7574109882422775,0.9459459459459459,1,130.53014563720285,4956,3667,0.1111111111111111,0.000892297806515636,140,148
"[-7.050000000000001,15.05], [-80.90755,98.03921000000001], [-808.58,844.58], [0.28975183142540306,7.539751831425402], [-31.135744505723792,2.552405383321485], [217.65404395420967,813.8525002126446], [16.31967721263864,43.96520668421964]","N0, N5, N6, N7, N12, N14, N17",1.0,0.708245596707819,0.9333333333333333,1,113.56890839701373,4956,3693,0.3888888888888889,0.000776351603350606,42,45
"[-7.050000000000001,7.46], [1992.9,2015.1], [4.835000000000001,21.165], [0.28975183142540306,7.539751831425402], [-2.9000000000000004,4.9]","N0, N2, N3, N7, N15",1.0,0.48894551440329226,0.8666666666666667,1,123.97941164797348,4954,3693,0.2777777777777778,0.0008475173035818308,130,150
"[10.649999999999999,36.587393633457914], [3.295,18.705], [197.69,1158.31], [-34.878060000000005,35.52395], [-89.125,137.5], [-10.977035552368248,52.2], [-3.255,6.930000000000001]","N0, N3, N6, N10, N11, N12, N16",0.0,0.6240321451000002,0.91,1,180.4897349949271,4969,3694,0.3888888888888889,0.001233819159921785,91,100
"[12.07,31.692441794269463], [-78.65603499999999,108.185435], [-153.25,157.25], [-17.92,60.72], [-6.935,6.935], [6.6,13.4]","N0, N5, N11, N12, N13, N15",0.0,1.0,1.0,1,203.34777251896998,4915,3698,0.3333333333333333,0.0013667441137737212,166,166
"[-10.9,12.9], [42.0,143.0], [3.17,12.83], [3.625,18.375], [-43.92052,43.92052], [-15.400000000000002,18.50850948915253], [0.09524816857459673,8.075248168574596], [30.064155428564792,35.47119780971937]","N0, N1, N3, N7, N10, N12, N16, N17",1.0,0.708245596707819,0.9333333333333333,1,176.38360396955147,4992,3708,0.4444444444444444,0.001223495299949128,84,90
"[-115.5,167.75], [9.959999999999999,44.36], [22.0923613963039,39.92751540041068]","N11, N12, N17",0.0,0.8797980563338098,0.9747126436781609,1,175.5837220765721,4993,3713,0.16666666666666666,0.001140531223524052,424,435
"[-7.050000000000001,15.05], [40.0,143.0], [2000.35,2020.76], [4.266349999999996,74.65145000000001], [-810.41,351.27], [38.42639137973566,144.55368926200202], [48.540278120281464,107.96215812028146], [0.09524816857459673,8.075248168574596]","N0, N1, N2, N4, N6, N8, N10, N16",1.0,0.6180782814874397,0.908256880733945,1,139.4798888294685,4907,3728,0.4444444444444444,0.000953477821142547,99,109
"[-47.0,75.0], [3.625,18.375], [-33.1175,33.1175], [-22.284333753181468,25.8356], [-86.25,86.25], [-19.04,55.92]","N1, N7, N9, N10, N11, N12",0.0,0.09422395048759297,0.6234939759036144,1,167.3003783027409,4993,3735,0.3333333333333333,0.001001952667714892,414,664
"[1977.76,2046.9], [-47.957925,0.5507249999999999], [-808.58,844.58], [44.9692,131.1448], [-142.28574152129715,303.0746785744093], [418.2525002126445,656.2540439542097]","N2, N4, N6, N8, N11, N14",1.0,1.0,1.0,1,131.0,4427,3747,0.3333333333333333,0.0008955097083737016,4,4
"[10.649999999999999,29.35], [-47.0,79.0], [-514.22,960.22], [-21.5439,21.5439], [9.959999999999999,60.72]","N0, N1, N6, N8, N12",0.0,0.9728277142170974,0.9945054945054945,1,179.44866182658467,4993,3754,0.2777777777777778,0.001164150094892826,181,182
"[-27.000000000000004,29.000000000000004], [-130.90994,37.51054], [16.875,23.125], [-30.65632511738803,36.42925], [-107.5,107.5]","N1, N5, N7, N9, N14",0.0,1.0,1.0,1,163.7168,4915,3755,0.2777777777777778,0.001119160181861646,8,8
"[-64.0,79.0], [-33.1175,33.1175], [-153.25,157.25], [3.0,18.3], [-3.255,3.255]","N1, N9, N11, N15, N16",0.0,0.3187497154162574,0.7955911823647295,1,144.67174510849506,4993,3770,0.2777777777777778,0.0009958016872476233,397,499
"[-805.4898211212219,1426.39], [-33.1175,33.1175], [-22.284333753181468,25.8356], [9.959999999999999,60.72], [9.2,16.8]","N6, N9, N10, N12, N15",0.0,1.0,1.0,1,171.98687127571543,4915,3770,0.2777777777777778,0.001098767095389338,134,134
"[25.22286889456293,121.92911741128975], [418.2525002126445,813.8525002126446]","N8, N14",1.0,0.576947227917581,0.8958333333333334,1,128.45177239796524,4956,3782,0.1111111111111111,0.000878090146871656,43,48
"[9.295,24.705], [49.91681500000001,157.811185], [151.36333979592922,444.6133397959292], [-2.269007325701611,11.376479920386194], [418.2525002126445,813.8525002126446], [0.09524816857459673,8.075248168574596], [18.52008723195703,30.093420565290362]","N3, N5, N11, N13, N14, N16, N17",1.0,0.401877572016461,0.8333333333333334,1,144.76,4799,3785,0.3888888888888889,0.0009895724075128017,5,6
"[10.649999999999999,31.692441794269463], [-383.15999999999997,900.69], [9.959999999999999,60.72]","N0, N6, N12",0.0,0.9501762641784821,0.9898305084745763,1,175.6250982247834,4993,3787,0.16666666666666666,0.0011412217639585542,292,295
"[-58.60054530463934,108.185435], [-372.69000000000005,689.16], [10.625,29.375], [-4.68,30.68], [-6.935,6.935], [-107.5,107.5], [6.6,13.4]","N5, N6, N7, N12, N13, N14, N15",0.0,0.9148244196915603,0.9823529411764705,1,206.1857317661767,4993,3787,0.3888888888888889,0.0013909943051653483,167,170
"[-7.050000000000001,15.05], [-6.0,86.0], [1977.76,2020.76], [-12.217255968960508,15.862744031039494], [-0.6780318744916713,4.521968125508328], [0.09524816857459673,8.075248168574596], [22.05854001755297,53.74219556398948]","N0, N1, N2, N12, N15, N16, N17",1.0,0.532121123967491,0.8814589665653495,1,140.1774663608373,4992,3788,0.3888888888888889,0.0009141160277037296,290,329
"[-47.0,79.0], [43.880480000000006,233.35351999999997], [9.959999999999999,38.04], [22.0923613963039,39.92751540041068]","N1, N5, N12, N17",0.0,1.0,1.0,1,135.7684510053063,4981,3798,0.2222222222222222,0.0009281066104283285,47,47
"[-7.050000000000001,15.05], [40.0,143.0], [-31.135744505723792,2.552405383321485], [0.09524816857459673,8.075248168574596], [22.05854001755297,43.96520668421964]","N0, N1, N12, N16, N17",1.0,0.7194754824959854,0.9362745098039216,1,141.85794684210742,4992,3805,0.2777777777777778,0.0009697341115043334,191,204
"[-7.050000000000001,15.05], [-3.5199999999999996,7.52], [-45.0398,45.0398], [-162.82341930672527,242.355389028219], [-0.3322040268352402,6.867795973164759], [0.09524816857459673,8.075248168574596], [16.31967721263864,43.96520668421964]","N0, N3, N9, N11, N15, N16, N17",1.0,0.45383515312704514,0.8538461538461538,1,128.0388493066897,4966,3805,0.3888888888888889,0.0008752674244514353,111,130
"[15.720224999999992,67.37835], [-183.60279,11.133389999999991], [7.0,15.0], [-33.1175,33.1175], [13.87157797672824,60.72], [-5.32,5.32], [-239.39999999999998,259.4], [3.0,13.804003156778705]","N4, N5, N7, N9, N12, N13, N14, N15",0.0,1.0,1.0,1,181.006763134352,4993,3818,0.4444444444444444,0.001231038177173696,141,141
"[-4.395,17.28], [12.211650000000002,83.301175], [-514.22,960.22], [-39.39929,39.39929], [-86.25,86.25], [3.0,9.0], [-3.6750000000000003,3.6750000000000003], [31.116892539356606,57.1568925393566]","N3, N4, N6, N10, N11, N15, N16, N17",0.0,0.10270004567528575,0.6343283582089553,1,129.95016525938325,4933,3818,0.4444444444444444,0.0009843525875319304,85,134
"[-7.050000000000001,7.46], [40.0,148.0], [1977.76,2016.24], [-1.0950000000000006,16.90405343240964], [12.536124999999995,55.337875], [-174.12,630.12], [-24.6216,24.6216], [-45.85818999999999,45.85818999999999], [-2.0,24.0], [1.1164799203861921,11.376479920386194], [27.131164673530076,43.25116467353007]","N0, N1, N2, N3, N4, N6, N8, N10, N12, N13, N17",1.0,0.7339040223999997,0.94,1,183.90143354690485,4992,3828,0.6111111111111112,0.0012877347023577054,47,50
"[-7.050000000000001,7.46], [3.521116817876809,148.0], [1977.76,2016.24], [-1.0950000000000006,16.90405343240964], [12.536124999999995,55.337875], [-45.85818999999999,45.85818999999999], [-2.0,24.0], [1.1164799203861921,11.376479920386194], [27.131164673530076,43.25116467353007]","N0, N1, N2, N3, N4, N10, N12, N13, N17",1.0,0.6345375005651499,0.9130434782608695,1,185.08628911459755,4992,3828,0.5,0.001297859222051307,63,69
"[10.649999999999999,36.587393633457914], [-5.0,131.0], [-183.60279,11.133389999999991], [3.5,18.375], [51.216225,148.163775], [-6.930000000000001,6.930000000000001], [13.775345653661878,39.81534565366187]","N0, N1, N5, N7, N8, N16, N17",0.0,0.766784772454727,0.9482758620689655,1,172.79950742769034,4945,3834,0.3888888888888889,0.001181249133615956,55,58
"[2.459994573432887,36.48395000000001], [-808.58,844.58], [0.28975183142540306,7.539751831425402], [107.57467857440929,303.0746785744093], [-31.135744505723792,2.552405383321485], [217.65404395420967,813.8525002126446]","N4, N6, N7, N11, N12, N14",1.0,1.0,1.0,1,160.72096768,4941,3840,0.3333333333333333,0.001098680816005007,12,12
"[-7.050000000000001,15.05], [18.0,100.0], [-80.90755,98.03921000000001], [-808.58,844.58], [48.21359171044709,123.61724171044709], [16.31967721263864,43.96520668421964]","N0, N1, N5, N6, N8, N17",1.0,0.15308860183818732,0.6870503597122302,1,117.9793826739427,4989,3840,0.3333333333333333,0.0008065013936828379,191,278
"[10.649999999999999,29.35], [-5.0,131.0], [3.295,18.705], [142.37,1013.63], [-89.125,157.25], [-10.977035552368248,52.2], [-3.255,6.930000000000001], [31.116892539356606,57.1568925393566]","N0, N1, N3, N6, N11, N12, N16, N17",0.0,0.8937186350319225,0.9777777777777777,1,152.7199237235312,4969,3841,0.4444444444444444,0.0010300916981064105,44,45
"[10.649999999999999,36.587393633457914], [-183.60279,11.133389999999991], [-514.22,1158.31], [3.25,18.75], [-43.27463,35.52395], [-248.39999999999998,250.39999999999998]","N0, N5, N6, N7, N10, N14",0.0,0.6584771939511006,0.919831223628692,1,153.90110062317052,4993,3841,0.3333333333333333,0.0011871387591316266,218,237
"[42.0,143.0], [3.17,12.83], [26.873124999999998,77.284075], [3.625,18.375], [-43.92052,78.39719184649806], [-15.400000000000002,18.50850948915253], [0.09524816857459673,8.075248168574596], [30.064155428564792,35.47119780971937]","N1, N3, N4, N7, N10, N12, N16, N17",1.0,0.6249118068507319,0.9102564102564102,1,180.5296428451114,4992,3846,0.4444444444444444,0.0012589229532349935,71,78
"[42.0,143.0], [3.17,12.83], [3.625,18.375], [-43.92052,78.39719184649806], [-15.400000000000002,18.50850948915253], [0.09524816857459673,8.075248168574596]","N1, N3, N7, N10, N12, N16",1.0,0.5436502900336524,0.8852459016393442,1,155.65139972447923,4992,3846,0.3333333333333333,0.0010463398593246178,162,183
"[43.880480000000006,233.35351999999997], [9.959999999999999,60.72], [-107.5,107.5]","N5, N12, N14",0.0,1.0,1.0,2,135.33419751788625,4981,3861,0.16666666666666666,0.0018502761488890266,47,47
"[1989.8,2034.2], [-341.27,351.27], [-5.25,7.539751831425402], [38.42639137973566,116.90774137973565], [58.89368055883375,93.77174055883376], [-142.28574152129715,303.0746785744093], [-4.8,6.8], [13.020738432779718,40.71407176611305]","N2, N6, N7, N8, N10, N11, N15, N17",1.0,0.5985347042408201,0.9024390243902439,1,108.00603552061338,4989,3863,0.4444444444444444,0.0007383240715394209,111,123
"[-7.050000000000001,7.46], [24.923125,75.9368], [-10.611490510847474,24.0]","N0, N4, N12",1.0,0.34002837153443133,0.805940594059406,1,131.41330281478403,4992,3872,0.16666666666666666,0.0008392267763557757,407,505
"[-120.84153913574858,189.65846086425142], [-31.135744505723792,2.552405383321485], [0.09524816857459673,8.075248168574596]","N11, N12, N16",1.0,0.6520651053620943,0.9180327868852459,1,137.03956396002724,4992,3876,0.16666666666666666,0.0009367958775381924,168,183
"[18.0,100.0], [1996.1,2047.9], [2.17,11.83], [0.28975183142540306,7.539751831425402], [-31.135744505723792,2.552405383321485]","N1, N2, N3, N7, N12",1.0,0.8914128606291641,0.9772727272727273,1,130.12636450609114,4954,3876,0.2777777777777778,0.0008895375780960279,43,44
"[10.649999999999999,31.692441794269463], [17.86,26.14], [28.459149999999998,66.821425], [10.625,29.375], [-17.88345,17.88345], [-19.04,60.72], [-5.7,5.7], [-283.8,283.8], [-7.77,5.565]","N0, N3, N4, N7, N9, N12, N13, N14, N16",0.0,1.0,1.0,1,197.0,4269,3884,0.5,0.0013466825385467114,1,1
"[-47.0,112.0], [2012.16,2024.62], [-17.88345,33.1175], [-153.25,157.25]","N1, N2, N9, N11",0.0,1.0,1.0,1,185.5701072289417,4796,3884,0.2222222222222222,0.0012685483405150085,38,38
"[-11.24,20.42309992725555], [18.0,100.0], [10.634224999999997,36.48395000000001], [-808.58,844.58], [-4.541385109022318,7.539751831425402], [48.857211466625095,101.14385555256578], [-31.135744505723792,2.552405383321485], [217.65404395420967,813.8525002126446]","N0, N1, N4, N6, N7, N10, N12, N14",1.0,1.0,1.0,1,147.088676864,4956,3885,0.4444444444444444,0.0010054911307141546,13,13
"[9.065,24.935000000000002], [-33.90115,49.631375000000006], [74.91760724102508,118.63270724102509], [107.57467857440929,303.0746785744093], [426.2195187482106,813.8525002126446], [-2.5599999999999996,14.899583792860216]","N3, N4, N9, N11, N14, N16",1.0,0.5549289573066435,0.8888888888888888,1,141.52088251362358,4941,3885,0.3333333333333333,0.000967429955943236,24,27
"[-55.0,112.0], [15.720224999999992,83.301175], [-183.60279,11.133389999999991], [-33.1175,33.1175], [13.87157797672824,60.72], [-6.935,6.935], [3.0,13.804003156778705]","N1, N4, N5, N9, N12, N13, N15",0.0,1.0,1.0,1,183.47629449955568,4993,3894,0.3888888888888889,0.0012722530155688761,155,155
"[10.649999999999999,29.35], [-383.15999999999997,960.22], [7.0,15.0], [-33.1175,19.8705], [-239.39999999999998,259.4]","N0, N6, N7, N9, N14",0.0,0.6224011158171651,0.9095238095238095,1,151.9570653019358,4993,3894,0.2777777777777778,0.001146582936107789,191,210
"[-2.84,14.84], [40.0,143.0], [3.17,12.83], [-79.64461097178106,149.989353308666], [-31.135744505723792,18.50850948915253], [-2.716009167793568,11.083990832206432], [0.09524816857459673,8.075248168574596], [30.064155428564792,43.96520668421964]","N0, N1, N3, N11, N12, N15, N16, N17",1.0,0.6048915180064207,0.9043478260869565,1,157.4550759123805,4992,3899,0.4444444444444444,0.001061752164067252,104,115
"[-22.999999999999996,112.0], [16.55,23.45], [4.266349999999996,74.65145000000001], [-660.3900000000001,1733.4721529683075], [-28.375,138.375], [-3.1350000000000002,3.1350000000000002], [19.100000000000023,517.9]","N1, N3, N4, N6, N11, N13, N14",1,0.0024299999999999994,0.3,1,121.773312,3916,3916,0.3888888888888889,0.0008324365123421357,3,10
"[10.466816455355929,29.35], [19.39369806063201,23.45], [15.720224999999992,66.821425], [-383.15999999999997,689.16], [3.625,23.125], [70.7504,119.9936]","N0, N3, N4, N6, N7, N8",0.0,1.0,1.0,1,147.5,4818,3916,0.3333333333333333,0.001008302915916954,2,2
"[10.649999999999999,31.692441794269463], [3.295,18.705], [-40.779525,40.779525], [-34.878060000000005,35.52395], [-89.125,137.5], [-10.977035552368248,60.72]","N0, N3, N8, N10, N11, N12",0.0,0.6062776116457453,0.9047619047619048,1,176.0554208228958,4993,3920,0.3333333333333333,0.0011484035623308675,152,168
"[40.0,148.0], [1.1164799203861921,11.376479920386194], [17.64719805898801,473.447198058988]","N1, N13, N14",1.0,0.6270934546603915,0.9108910891089109,1,154.62882308777995,4992,3924,0.16666666666666666,0.0010376020033540038,184,202
"[9.295,24.705], [-80.90755,98.03921000000001], [23.066148363815557,122.41864836381555], [-31.135744505723792,2.552405383321485], [4.941550269788937,17.14241048500342]","N3, N5, N9, N12, N13",1.0,0.3276800000000001,0.8,1,110.10872291327999,4956,3929,0.2777777777777778,0.0007526979415684891,12,15
"[40.0,148.0], [0.6749999999999998,13.325], [-58.31030164213631,70.63662835786367], [-50.78205,50.78205], [-45.85818999999999,45.85818999999999], [-3.9899999999999998,3.9899999999999998], [-2.7,4.7]","N1, N3, N5, N8, N10, N13, N15",1.0,0.30554782485732185,0.7888888888888889,1,147.57318963623857,4934,3931,0.3888888888888889,0.0009601648859247358,142,180
"[16.875,23.125], [119.16252499999999,120.70011317453691], [-19.04,52.2], [-5.985,6.971869993106296], [-5.565,11.009280467217206]","N7, N8, N12, N13, N16",0.0,0.1,1.0,1,163.30185077153394,3933,3933,0.2777777777777778,0.0011163236088649014,0,0
"[5.199999999999999,21.93], [-12.0,112.0], [-57.348275,-18.351124999999996], [37.603474999999996,129.333225], [-17.88345,17.88345], [-153.25,137.5], [-6.555000000000001,5.985], [-195.9,315.70000000000005], [1.9000000000000004,12.1], [15.258097193702943,43.36476386036961]","N0, N1, N4, N8, N9, N11, N13, N14, N15, N17",0.0,0.620921323059155,0.9090909090909091,2,115.8260992,4981,3933,0.5555555555555556,0.0015835633025443577,10,11
"[18.0,100.0], [1996.1,2047.9], [0.28975183142540306,7.539751831425402], [-31.135744505723792,2.552405383321485], [0.09524816857459673,8.075248168574596], [23.01236367855651,44.91903034522318]","N1, N2, N7, N12, N16, N17",1.0,0.8083193429703577,0.9583333333333334,1,133.42700785798507,4954,3937,0.3333333333333333,0.0009121006175273267,69,72
"[2.17,11.83], [0.28975183142540306,7.539751831425402], [-120.84153913574858,189.65846086425142], [-31.135744505723792,2.552405383321485]","N3, N7, N11, N12",1.0,0.702515484468041,0.9318181818181818,1,147.27799980501652,4944,3937,0.2222222222222222,0.0010067853332462017,41,44
"[40.0,148.0], [1988.95,2037.05], [1.1164799203861921,11.376479920386194], [17.64719805898801,782.2637760121423]","N1, N2, N13, N14",1.0,0.6395228429548757,0.9144736842105263,1,155.7599035437513,4992,3948,0.2222222222222222,0.00106476721983802,139,152
"[-47.0,112.0], [15.720224999999992,66.821425], [-383.15999999999997,689.16], [-115.5,157.25], [9.959999999999999,55.92], [-283.8,283.8], [22.0923613963039,39.92751540041068]","N1, N4, N6, N11, N12, N14, N17",0.0,0.9051350910858523,0.9802631578947368,1,179.25209000186868,4993,3949,0.3888888888888889,0.0012017538479237606,298,304
"[-53.18925,5.782050000000002], [-130.90994,37.51054], [-36.42925,36.42925], [2.3999999999999995,11.600000000000001]","N4, N5, N9, N15",0.0,0.19075113096875485,0.717948717948718,2,91.88558289210297,4965,3955,0.2222222222222222,0.001256250863197782,28,39
"[-27.000000000000004,29.000000000000004], [-53.18925,33.58722853881305], [-32.94039,32.94039]","N1, N4, N10",0.0,1.0,1.0,2,90.11254771716013,4981,3955,0.16666666666666666,0.0012320100965955013,33,33
"[-514.22,960.22], [7.375,15.0], [23.28,52.2]","N6, N7, N12",0.0,1.0,1.0,1,145.66213279438546,4993,3966,0.16666666666666666,0.0009028765813439261,90,90
"[7.93,32.07], [-53.18925,5.782050000000002], [-130.90994,37.51054], [-36.42925,36.42925], [2.3999999999999995,11.600000000000001]","N0, N4, N5, N9, N15",0.0,1.0,1.0,1,101.07864805343232,4896,3967,0.2777777777777778,0.0006909687835201312,18,18
"[-7.050000000000001,15.05], [40.0,143.0], [6.769604138561366,12.83], [0.28975183142540306,7.539751831425402], [-31.135744505723792,40.62425549427621], [0.09524816857459673,8.075248168574596], [22.05854001755297,43.96520668421964]","N0, N1, N3, N7, N12, N16, N17",1.0,0.6371466150555487,0.9137931034482759,1,113.97458318011111,4989,3968,0.3888888888888889,0.0007791247766842404,53,58
"[-7.050000000000001,15.05], [42.0,143.0], [2000.35,2033.65], [-2.269007325701611,11.376479920386194], [0.09524816857459673,8.075248168574596]","N0, N1, N2, N13, N16",1.0,0.5687031189357149,0.8932584269662921,1,111.3709236478561,4989,3968,0.2777777777777778,0.0007613262851694764,159,178
"[12.07,36.587393633457914], [-27.000000000000004,29.000000000000004], [-53.18925,33.58722853881305], [1433.93,3020.0699999999997], [-32.94039,32.94039], [-6.930000000000001,6.930000000000001]","N0, N1, N4, N6, N10, N16",0.0,1.0,1.0,1,99.16,4896,3978,0.3333333333333333,0.0006778529975750859,6,6
"[-47.0,79.0], [-22.284333753181468,25.8356], [-86.25,86.25], [-6.935,5.32], [-239.39999999999998,259.4], [3.0,18.3]","N1, N10, N11, N13, N14, N15",0.0,0.32951676669641355,0.8008948545861297,1,144.66711488341497,4993,3980,0.3333333333333333,0.0009957244118661084,358,447
"[-383.15999999999997,960.22], [-186.875,186.875], [23.28,44.36]","N6, N11, N12",0.0,1.0,1.0,1,145.8190130321548,4993,3988,0.16666666666666666,0.0009042171135574224,88,88
"[-11.24,20.42309992725555], [18.0,100.0], [9.065,24.935000000000002], [10.634224999999997,49.631375000000006], [0.28975183142540306,7.539751831425402], [38.26898901891919,147.52733901891918], [74.91760724102508,118.63270724102509], [-31.135744505723792,2.552405383321485], [426.2195187482106,813.8525002126446], [5.869583792860218,14.899583792860216]","N0, N1, N3, N4, N7, N8, N9, N12, N14, N16",1.0,1.0,1.0,1,139.6403712,4956,3992,0.5555555555555556,0.0009545748709199041,11,11
"[-7.050000000000001,15.05], [42.0,143.0], [12.83,13.561025956066594], [26.642924999999998,58.030875], [-22.5199,22.5199], [-162.82341930672527,149.989353308666], [-15.400000000000002,31.400000000000002], [-4.8,6.8], [-5.355,5.355], [30.064155428564792,35.47119780971937]","N0, N1, N3, N4, N9, N11, N12, N15, N16, N17",1.0,0.07775999999999998,0.6,1,144.6,3997,3997,0.5555555555555556,0.0009884786551972308,3,5
"[-10.9,12.9], [42.0,143.0], [3.17,12.83], [26.592599999999997,64.6386], [-27.56087,46.12309], [3.625,18.375], [-35.39355,35.39355], [0.09524816857459673,8.075248168574596], [30.064155428564792,35.47119780971937]","N0, N1, N3, N4, N5, N7, N8, N16, N17",1.0,0.7514188428254499,0.9444444444444444,1,179.56496004539935,4992,4001,0.5,0.001250679796625802,51,54
"[1989.8044787857136,2035.84], [-56.210179999999994,70.10517999999999], [-383.15999999999997,689.16], [16.875,23.125], [-19.04,55.92]","N2, N5, N6, N7, N12",0.0,1.0,1.0,1,188.7534255989509,4796,4005,0.2777777777777778,0.0012903093520049902,36,36
"[5.199999999999999,21.93], [30.0,110.0], [-57.348275,-18.351124999999996], [2.375,15.625], [37.603474999999996,119.16252499999999], [-6.555000000000001,6.555000000000001], [-195.9,259.9], [15.258097193702943,43.36476386036961]","N0, N1, N4, N7, N8, N13, N14, N17",0.0,0.048282842081079885,0.5454545454545454,1,107.0773888,4945,4008,0.4444444444444444,0.0007319758871580569,6,11
"[-7.050000000000001,15.05], [42.0,143.0], [0.28975183142540306,7.539751831425402], [0.09524816857459673,17.823189647397463]","N0, N1, N7, N16",1.0,0.620921323059155,0.9090909090909091,1,114.17603305730697,4989,4017,0.2222222222222222,0.0007805018783695807,170,187
"[12.07,29.35], [-989.9320958043011,1426.39], [-33.1175,33.1175], [-22.284333753181468,25.8356], [9.959999999999999,52.2], [9.2,16.8], [22.0923613963039,57.1568925393566]","N0, N6, N9, N10, N12, N15, N17",0.0,1.0,1.0,1,183.94779091534187,4915,4022,0.3888888888888889,0.001200972435640895,76,76
"[-7.050000000000001,7.46], [40.0,148.0], [1977.76,2016.24], [-1.0950000000000006,16.90405343240964], [12.536124999999995,55.337875], [-174.12,630.12], [-24.6216,24.6216], [-45.85818999999999,45.85818999999999], [-2.0,24.0], [8.197743733806593,11.376479920386194], [27.131164673530076,43.25116467353007]","N0, N1, N2, N3, N4, N6, N8, N10, N12, N13, N17",1.0,0.1,1.0,1,168.65216,4025,4025,0.6111111111111112,0.001152898065787747,0,0
"[-11.24,20.42309992725555], [-7.0,123.0], [10.634224999999997,36.48395000000001], [-808.58,1104.2201338897862], [49.36045000000001,120.14755], [48.857211466625095,101.14385555256578], [217.65404395420967,813.8525002126446]","N0, N1, N4, N6, N8, N10, N14",1.0,0.5674268557185995,0.8928571428571429,1,141.00459641008882,4956,4041,0.3888888888888889,0.0009639006489354971,25,28
"[18.0,100.0], [15.559999999999999,28.44], [-4.541385109022318,7.539751831425402], [-31.135744505723792,2.552405383321485], [217.65404395420967,813.8525002126446]","N1, N3, N7, N12, N14",1.0,0.670176922268936,0.9230769230769231,1,125.808290816,4941,4041,0.2777777777777778,0.0008600194337376335,12,13
"[-7.050000000000001,15.05], [40.0,148.0], [-79.64461097178106,242.355389028219], [-31.135744505723792,18.50850948915253], [16.31967721263864,43.96520668421964]","N0, N1, N11, N12, N17",1.0,0.21830874510774548,0.7375886524822695,1,133.78998210262063,4992,4049,0.2777777777777778,0.000859535358187344,416,564
"[-47.0,75.0], [-165.62775,18.58215], [-39.39929,25.8356], [-6.935,6.555000000000001], [3.0,18.3], [-3.255,3.255]","N1, N5, N10, N13, N15, N16",0.0,0.28524650822218245,0.7781155015197568,1,146.06459460563423,4993,4054,0.3333333333333333,0.0010190474203216255,256,329
"[-183.60279,11.133389999999991], [3.5,15.0], [-33.1175,33.1175], [23.28,60.72], [-239.39999999999998,259.4], [3.0,9.0], [-3.6750000000000003,3.6750000000000003]","N5, N7, N9, N12, N14, N15, N16",0.0,1.0,1.0,1,145.4087473610752,4993,4055,0.3888888888888889,0.00099400721331528,17,17
"[28.459149999999998,72.21205], [-1133.0778605883638,1426.39], [10.625,29.375], [9.959999999999999,60.72]","N4, N6, N7, N12",0.0,0.9452689652967391,0.9888059701492538,1,175.5399711303458,4993,4066,0.2222222222222222,0.0011398010492878548,265,268
"[12.07,21.93], [-47.0,79.0], [-33.1175,33.1175], [-222.6,224.6], [6.6,13.4], [-3.255,3.255]","N0, N1, N9, N14, N15, N16",0.0,1.0,1.0,1,205.55299587647093,4915,4066,0.3333333333333333,0.0013974501190719966,102,102
"[-7.050000000000001,15.05], [42.0,143.0], [-392.06999999999994,1194.07], [0.28975183142540306,7.539751831425402], [0.09524816857459673,17.823189647397463]","N0, N1, N6, N7, N16",1.0,0.6173610037633398,0.9080459770114943,1,114.17603983123166,4989,4073,0.2777777777777778,0.0007805019246758045,158,174
"[-47.0,79.0], [1968.65,2009.35], [9.600524999999994,63.81607500000001], [-805.4898211212219,1426.39], [-33.1175,33.1175], [9.959999999999999,60.72], [-222.6,224.6], [-3.255,3.255]","N1, N2, N4, N6, N9, N12, N14, N16",0.0,0.9450685860704917,0.9887640449438202,1,185.0089789771509,4993,4080,0.4444444444444444,0.0012383884952680774,176,178
"[12.07,21.93], [13.880700000000001,59.5359], [-33.1175,33.1175], [-22.284333753181468,25.8356], [-97.75,97.75], [6.6,16.8]","N0, N4, N9, N10, N11, N15",0.0,1.0,1.0,1,204.14900602342806,4915,4080,0.3333333333333333,0.0013824538578141473,90,90
"[-7.050000000000001,24.326636536424445], [40.0,148.0], [-147.09642,-10.25478000000001], [-36.932399999999994,36.932399999999994], [-162.82341930672527,242.355389028219], [-15.400000000000002,18.50850948915253], [0.09524816857459673,17.16120674986005]","N0, N1, N5, N8, N11, N12, N16",1.0,0.6628606504626834,0.9210526315789473,1,104.16163280298835,4982,4089,0.3888888888888889,0.0007120439191994862,35,38
"[-7.050000000000001,15.05], [42.0,143.0], [2000.35,2033.65], [-392.06999999999994,1194.07], [0.09524816857459673,17.823189647397463]","N0, N1, N2, N6, N16",1.0,0.5529940604564206,0.888268156424581,1,112.48521386955117,4989,4097,0.2777777777777778,0.0007689435196082078,159,179
"[-10.9,24.326636536424445], [26.592599999999997,64.6386], [7.25,8.56047817694416], [-162.82341930672527,242.355389028219]","N0, N4, N7, N11",1.0,0.03125,0.5,1,113.868928,4759,4103,0.2222222222222222,0.0007784025229473742,5,10
"[-27.000000000000004,29.000000000000004], [-130.90994,37.51054], [1.75,20.25], [-52.3209,52.3209], [-39.39929,39.39929], [-127.375,177.375], [0.48146545235550775,3.255]","N1, N5, N7, N8, N10, N11, N16",0.0,0.1134276198236865,0.6470588235294118,1,89.33379261726719,4979,4108,0.3888888888888889,0.0006106815158366845,11,17
"[1.75,18.5], [42.858130588189155,125.89502499999999], [-165.75,167.75], [-20.52,50.800000000000004], [-11.337540848113559,3.705], [3.5999999999999996,16.4], [20.8676386036961,42.11199178644764]","N7, N8, N11, N12, N13, N15, N17",0.0,0.30197838012211065,0.7870370370370371,1,155.21982377361726,4945,4110,0.3888888888888889,0.001061075260468163,85,108
"[-7.050000000000001,15.05], [6.769604138561366,12.83], [8.512830218533914,75.09333021853394], [-80.90755,98.03921000000001], [0.28975183142540306,18.731524151736306], [-31.135744505723792,2.552405383321485], [0.09524816857459673,8.075248168574596], [16.31967721263864,43.96520668421964]","N0, N3, N4, N5, N7, N12, N16, N17",1.0,0.6264850986190417,0.9107142857142857,2,151.87792285172677,4992,4115,0.4444444444444444,0.002076460372539746,51,56
"[1964.6953288333439,2027.65], [9.295,24.705], [-808.58,844.58], [-4.783862081010513,7.539751831425402], [-31.135744505723792,2.552405383321485]","N2, N3, N6, N7, N12",1.0,0.5305937968355826,0.8809523809523809,1,131.43014397223277,4956,4123,0.2777777777777778,0.000898450151909067,37,42
"[12.07,21.93], [-47.0,79.0], [-805.4898211212219,1426.39], [-22.284333753181468,25.8356], [9.959999999999999,60.72], [6.6,16.8], [-3.255,3.255]","N0, N1, N6, N10, N12, N15, N16",0.0,1.0,1.0,1,206.47075766983113,4915,4133,0.3888888888888889,0.0014072528933554947,93,93
"[-33.1175,33.1175], [-80.50000000000001,80.50000000000001], [-222.6,224.6], [9.2,13.4]","N9, N11, N14, N15",0.0,1.0,1.0,1,171.56213612370925,4915,4133,0.2222222222222222,0.0010951377590142511,73,73
"[42.0,143.0], [-392.06999999999994,1194.07], [0.09524816857459673,17.823189647397463]","N1, N6, N16",1.0,0.47042701759999994,0.86,1,137.64455463604423,4992,4138,0.16666666666666666,0.0008924724490777206,301,350
"[-55.0,65.0], [1934.25,1989.75], [-383.15999999999997,689.16], [-40.691069999999996,27.77327], [-153.25,137.5]","N1, N2, N6, N10, N11",0.0,0.1542826728145432,0.6881188118811881,1,131.16670457558706,4993,4139,0.2777777777777778,0.0009130095394842699,139,202
"[-55.0,65.0], [-383.15999999999997,689.16], [-40.691069999999996,27.77327], [-153.25,137.5], [-226.3,298.3]","N1, N6, N10, N11, N14",0.0,0.153773527928149,0.6876640419947506,1,144.9282678505104,4993,4139,0.2777777777777778,0.0010000828814473893,262,381
"[-27.0,43.0], [21.422274999999992,73.735525], [-202.18000000000006,1004.1800000000001], [42.858130588189155,125.89502499999999], [59.75,167.75], [-3.1350000000000002,3.705], [-6.930000000000001,9.094999999999999], [20.8676386036961,39.92751540041068]","N1, N4, N6, N8, N11, N13, N16, N17",0.0,1.0,1.0,1,68.0,4935,4155,0.4444444444444444,0.0004648447341176466,2,2
"[10.135,21.865000000000002], [3.0,18.5], [84.55465,138.86735], [85.83763,128.46637], [-165.75,232.25], [-20.52,50.800000000000004], [-3.705,3.1350000000000002], [3.5999999999999996,16.4], [22.0923613963039,42.11199178644764]","N3, N7, N9, N10, N11, N12, N13, N15, N17",0.0,1.0,1.0,1,88.0,4935,4155,0.5,0.0006015637735640132,3,3
"[-47.0,79.0], [1968.65,2009.35], [-201.25000000000003,201.25000000000003], [9.959999999999999,60.72], [-222.6,224.6], [22.0923613963039,57.1568925393566]","N1, N2, N11, N12, N14, N17",0.0,0.9235066518220796,0.9842105263157894,1,177.22294399367107,4993,4162,0.3333333333333333,0.0011344334929206973,187,190
"[12.07,29.35], [9.600524999999994,63.81607500000001], [-989.9320958043011,1426.39], [0.6999999999999997,7.300000000000001], [-3.255,3.255]","N0, N4, N6, N15, N16",0.0,0.7148400167025212,0.935064935064935,1,130.13739852655104,4937,4162,0.2777777777777778,0.0009986620716628278,72,77
"[1977.76,2020.76], [-33.90115,36.48395000000001], [59.12731,148.60069000000001], [-808.58,844.58], [25.22286889456293,121.92911741128975], [166.3202053204804,321.5702053204804], [6.089578193863297,14.829578193863298], [217.65404395420967,813.8525002126446]","N2, N4, N5, N6, N8, N11, N13, N14",1.0,1.0,1.0,1,150.33333333333334,4630,4170,0.4444444444444444,0.0010276714465051893,3,3
"[-7.050000000000001,7.46], [0.28975183142540306,7.539751831425402], [-31.135744505723792,2.552405383321485], [7.548782685067928,15.738782685067928], [16.31967721263864,53.74219556398948]","N0, N7, N12, N16, N17",1.0,0.7631229607539922,0.9473684210526315,1,124.88370151424,4956,4170,0.2777777777777778,0.0008536989856766828,18,19
"[2012.16,2035.84], [16.875,23.125], [78.06500748807622,129.333225], [-6.935,5.985], [-107.5,315.70000000000005], [1.9000000000000004,12.1]","N2, N7, N8, N13, N14, N15",0.0,1.0,1.0,1,177.7353618726912,4796,4179,0.3333333333333333,0.0012149903975443358,17,17
"[12.07,21.93], [-47.0,112.0], [-110.125,114.125], [9.959999999999999,38.04], [-5.985,6.935], [5.675619438740588,39.92751540041068]","N0, N1, N11, N12, N13, N17",0.0,1.0,1.0,2,182.39912506016657,4981,4179,0.3333333333333333,0.0023814514048928048,135,135
"[3.17,12.83], [26.592599999999997,64.6386], [-27.56087,46.12309], [3.625,18.375], [0.09524816857459673,25.730305249500805], [30.064155428564792,35.47119780971937]","N3, N4, N5, N7, N16, N17",1.0,0.427630752325058,0.84375,1,166.1176060231537,4992,4190,0.3333333333333333,0.0011357729638122609,54,64
"[-514.22,1426.39], [-22.284333753181468,25.8356], [-186.875,186.875], [9.959999999999999,60.72], [9.2,16.8]","N6, N10, N11, N12, N15",0.0,1.0,1.0,1,171.95988975025898,4915,4192,0.2777777777777778,0.0010985365398741378,80,80
"[-33.1175,33.1175], [-6.935,5.32], [7.7,22.3]","N9, N13, N15",0.0,1.0,1.0,2,193.55754236533818,4993,4192,0.16666666666666666,0.002538649162868115,149,149
"[16.55,23.45], [15.720224999999992,66.821425], [-19.08086,128.28706], [-383.15999999999997,689.16], [3.625,23.125], [70.7504,119.9936], [57.62835000000001,109.29165], [-93.5,95.14047408826104]","N3, N4, N5, N6, N7, N8, N9, N11",0.0,1.0,1.0,1,152.0,4818,4201,0.4444444444444444,0.0010390646997923865,1,1
"[10.466816455355929,29.35], [16.55,23.45], [-383.15999999999997,689.16]","N0, N3, N6",0.0,1.0,1.0,1,127.64,4851,4201,0.16666666666666666,0.000872540909746712,9,9
"[-3.4400000000000004,7.44], [18.0,100.0], [1995.1,2046.9], [9.295,24.705], [-142.511605,-55.669795], [1836.05,2617.95], [-5.25,7.25], [-31.135744505723792,40.62425549427621], [217.65404395420967,656.2540439542097], [30.064155428564792,45.357488761898125]","N0, N1, N2, N3, N5, N6, N7, N12, N14, N17",1.0,0.1,1.0,1,79.44,4202,4202,0.5555555555555556,0.0005430480246809683,0,0
"[-3.4400000000000004,7.44], [42.0,100.0], [-4.541385109022318,7.539751831425402], [107.57467857440929,303.0746785744093], [-2.269007325701611,11.18], [217.65404395420967,813.8525002126446], [-2.4601882778425757,5.1398117221574235]","N0, N1, N7, N11, N13, N14, N15",1.0,0.6995662212779985,0.9310344827586207,1,142.461708673856,4884,4202,0.3888888888888889,0.0009738613983888857,54,58
"[7.93,32.07], [1989.8044787857136,2035.84], [-78.65603499999999,37.51054], [16.875,23.125], [-19.04,52.2], [2.3999999999999995,11.600000000000001], [-5.565,5.565]","N0, N2, N5, N7, N12, N15, N16",0.0,1.0,1.0,1,184.34313688106715,4915,4203,0.3888888888888889,0.0012601608301454792,22,22
"[-53.18925,5.782050000000002], [-383.15999999999997,689.16], [-36.42925,36.42925], [-4.7250000000000005,4.7250000000000005], [23.52476386036961,35.09809719370294]","N4, N6, N9, N16, N17",0.0,0.03662616470883121,0.5161290322580645,1,104.47302645779558,4981,4203,0.2777777777777778,0.011854015852648387,16,31
"[15.720224999999992,67.37835], [-183.60279,11.133389999999991], [4.875,17.125], [-33.1175,33.1175], [-22.284333753181468,25.8356], [13.87157797672824,60.72], [-2.5650000000000004,2.5650000000000004], [-239.39999999999998,259.4], [3.0,16.8]","N4, N5, N7, N9, N10, N12, N13, N14, N15",0.0,1.0,1.0,1,177.80335621797593,4993,4209,0.5,0.0011775754432182773,106,106
"[-11.24,20.42309992725555], [18.0,100.0], [9.295,24.935000000000002], [10.634224999999997,49.631375000000006], [0.28975183142540306,7.539751831425402], [255.38590271011583,433.63590271011583], [-31.135744505723792,2.552405383321485]","N0, N1, N3, N4, N7, N11, N12",1.0,1.0,1.0,1,122.8,4956,4211,0.3888888888888889,0.0008394549022006912,6,6
"[9.065,24.705], [38.26898901891919,147.52733901891918], [74.91760724102508,118.63270724102509], [-31.135744505723792,2.552405383321485], [4.941550269788937,17.14241048500342], [426.2195187482106,813.8525002126446], [5.869583792860218,14.899583792860216], [15.00247584250895,35.25580917584228]","N3, N8, N9, N12, N13, N14, N16, N17",1.0,1.0,1.0,1,114.47136,4890,4211,0.4444444444444444,0.0007825207191659619,9,9
"[-7.050000000000001,7.46], [40.0,143.0], [1977.76,2016.24], [-1.0950000000000006,16.90405343240964], [-174.12,630.12], [-46.75,240.75], [-2.0,24.0], [1.1164799203861921,11.376479920386194], [-4.8,6.8], [7.0649999999999995,16.935000000000002]","N0, N1, N2, N3, N6, N11, N12, N13, N15, N16",1.0,0.401877572016461,0.8333333333333334,1,142.20200703999998,4992,4213,0.5555555555555556,0.0009720860904927133,10,12
"[40.0,143.0], [3.17,12.83], [20.885699999999996,70.3455], [-58.31030164213631,70.63662835786367], [-162.82341930672527,149.989353308666], [-15.400000000000002,24.0], [2.251206749860051,8.075248168574596], [22.748916763823846,39.695583430490515]","N1, N3, N4, N5, N11, N12, N16, N17",1.0,0.7385081737104511,0.9411764705882353,1,163.1887922865243,4992,4228,0.4444444444444444,0.0011107464262629296,48,51
"[-514.22,960.22], [-33.1175,33.1175], [-22.284333753181468,25.8356], [23.28,60.72], [-1.0999999999999996,9.1]","N6, N9, N10, N12, N15",0.0,1.0,1.0,1,155.7022265861852,4993,4232,0.2777777777777778,0.0009886685800418189,28,28
"[-33.1175,33.1175], [-86.25,86.25], [23.28,60.72], [-239.39999999999998,259.4], [3.0,9.0], [-5.355,5.355]","N9, N11, N12, N14, N15, N16",0.0,1.0,1.0,1,145.956861943808,4993,4232,0.3333333333333333,0.0009977540982781688,16,16
"[42.0,143.0], [-5.25,7.539751831425402], [-31.135744505723792,40.62425549427621], [-2.269007325701611,11.18], [-5.0,7.0], [0.09524816857459673,8.075248168574596]","N1, N7, N12, N13, N15, N16",1.0,0.642256844035455,0.9152542372881356,1,113.91716233348842,4989,4235,0.3333333333333333,0.0007787322505345178,108,118
"[-7.050000000000001,15.05], [1989.8,2034.2], [0.28975183142540306,7.539751831425402], [-142.28574152129715,303.0746785744093], [273.33756683196714,548.5375668319672], [22.05854001755297,43.96520668421964]","N0, N2, N7, N11, N14, N17",1.0,0.729136364085478,0.9387755102040817,2,134.1294728911509,4954,4235,0.3333333333333333,0.0018338052695125626,46,49
"[-7.050000000000001,7.46], [40.0,143.0], [-6.395,10.395], [-57.449325,113.602725], [-172.56183935437522,247.18816064562478]","N0, N1, N3, N5, N11",1.0,0.48794069453269034,0.8663101604278075,1,111.76857523246419,4989,4238,0.2777777777777778,0.0007640446123035735,162,187
"[-383.15999999999997,1426.39], [10.625,29.375], [-22.284333753181468,25.8356], [-186.875,186.875], [6.6,16.8]","N6, N7, N10, N11, N15",0.0,0.9673230995935534,0.9933774834437086,1,195.2233318489018,4993,4241,0.2777777777777778,0.0012871171703491109,150,151
"[8.614921230083322,18.8], [-660.3900000000001,1426.39], [37.603474999999996,119.16252499999999], [-73.50000000000001,87.50000000000001], [-3.1350000000000002,6.555000000000001], [-195.9,259.9], [-3.885,3.885], [15.258097193702943,43.36476386036961]","N0, N6, N8, N11, N13, N14, N16, N17",0.0,0.6040951891042576,0.9041095890410958,2,150.50016019558518,4981,4253,0.4444444444444444,0.002057623733846471,66,73
"[5.199999999999999,18.8], [-660.3900000000001,1426.39], [37.603474999999996,119.16252499999999], [-73.50000000000001,87.50000000000001], [-31.479999999999997,45.48], [-3.1350000000000002,6.555000000000001], [-195.9,259.9], [-3.885,3.885], [15.258097193702943,43.36476386036961]","N0, N6, N8, N11, N12, N13, N14, N16, N17",0.0,0.38907997839946074,0.8279569892473119,1,146.5564115915627,4981,4253,0.5,0.0010018525908752404,77,93
"[12.07,21.93], [1996.5756602563981,2043.53], [-33.1175,17.2211], [9.959999999999999,44.36]","N0, N2, N9, N12",0.0,1.0,1.0,1,190.91570144510948,4981,4254,0.2222222222222222,0.001260512812802023,40,40
"[13.880700000000001,59.5359], [-33.1175,33.1175], [-22.284333753181468,25.8356], [-97.75,97.75], [-156.1,162.1], [3.0,18.3], [-3.4650000000000003,3.4650000000000003]","N4, N9, N10, N11, N14, N15, N16",0.0,0.21584387555870196,0.7359154929577465,1,146.55649501029865,4993,4254,0.3888888888888889,0.0010339180217499985,209,284
"[-7.050000000000001,15.05], [40.0,148.0], [-7.292448670799037,12.83], [-291.53999999999996,1093.54], [0.28975183142540306,7.539751831425402], [273.33756683196714,548.5375668319672], [2.251206749860051,17.16120674986005], [22.05854001755297,43.25116467353007]","N0, N1, N3, N6, N7, N14, N16, N17",1.0,0.512908935546875,0.875,1,125.9904,4710,4262,0.4444444444444444,0.0008612643233731756,7,8
"[1992.47,2035.84], [28.459149999999998,72.21205], [9.959999999999999,60.72]","N2, N4, N12",0.0,0.8373329965391854,0.9651162790697675,1,193.39838906570725,4937,4269,0.16666666666666666,0.0012817272294728674,83,86
"[-7.050000000000001,15.05], [-41.299875,-6.1073249999999994], [-808.58,844.58], [-142.28574152129715,303.0746785744093]","N0, N4, N6, N11",1.0,0.06667091939820304,0.5818181818181818,1,100.69961954398975,4966,4285,0.2222222222222222,0.0006883777628334425,32,55
"[-183.60279,124.339705], [-170.92999999999995,476.92999999999995], [7.0,15.0], [-86.25,86.25], [23.28,60.72], [31.116892539356606,57.1568925393566]","N5, N6, N7, N11, N12, N17",0.0,1.0,1.0,1,126.40395660214274,4933,4286,0.3333333333333333,0.0008640913764432586,18,18
"[-4.395,12.395], [7.0,15.0], [-33.1175,33.1175], [-25.8356,25.8356], [23.28,60.72], [-239.39999999999998,457.7445530762617], [3.0,13.804003156778705], [-3.6750000000000003,3.6750000000000003]","N3, N7, N9, N10, N12, N14, N15, N16",0.0,1.0,1.0,1,155.47545288861286,4993,4286,0.4444444444444444,0.0009867308124103323,19,19
"[40.0,143.0], [-3.5199999999999996,12.83], [4.266349999999996,74.65145000000001], [-810.41,820.41], [38.42639137973566,144.55368926200202], [65.53498453975462,126.47118453975463], [27.303478925961343,121.60341892596134], [-114.4028182492065,201.84718175079348], [-31.135744505723792,40.62425549427621], [-4.8,4.9], [0.09524816857459673,8.075248168574596]","N1, N3, N4, N6, N8, N9, N10, N11, N12, N15, N16",1.0,0.792470436383506,0.9545454545454546,1,119.87635725463024,4989,4287,0.6111111111111112,0.0008194690208091266,42,44
"[-7.050000000000001,15.05], [1977.76,2020.76], [0.28975183142540306,7.539751831425402], [22.05854001755297,43.96520668421964]","N0, N2, N7, N17",1.0,0.401877572016461,0.8333333333333334,1,123.66217144248765,4956,4287,0.2222222222222222,0.0008453486647734412,120,144
"[-7.050000000000001,15.05], [40.0,143.0], [3.17,7.52], [-58.31030164213631,70.63662835786367], [-0.3322040268352402,6.867795973164759], [0.09524816857459673,8.075248168574596], [22.05854001755297,43.96520668421964]","N0, N1, N3, N5, N15, N16, N17",1.0,0.839073812978493,0.9655172413793104,2,135.95825209697358,4989,4289,0.3888888888888889,0.0018588081631505191,56,58
"[-3.5199999999999996,12.83], [20.885699999999996,70.3455], [-162.82341930672527,242.355389028219], [-31.135744505723792,24.0]","N3, N4, N11, N12",1.0,0.07026008132297408,0.5879518072289157,1,154.48108599931908,4992,4289,0.2222222222222222,0.0009018297262055735,244,415
"[7.93,29.35], [-12.0,112.0], [-58.60054530463934,37.51054], [-17.88345,36.42925], [-153.25,162.90040568542645], [-6.935,6.935], [-283.8,315.70000000000005], [5.675619438740588,33.78228610540725]","N0, N1, N5, N9, N11, N13, N14, N17",0.0,0.45383515312704514,0.8538461538461538,1,145.95427933632004,4993,4307,0.4444444444444444,0.0010684836392633752,111,130
"[10.649999999999999,32.07], [-53.18925,5.782050000000002], [-130.90994,108.185435], [-36.42925,19.8705], [2.3999999999999995,11.600000000000001], [-7.77,5.565]","N0, N4, N5, N9, N15, N16",0.0,1.0,1.0,1,105.431071322112,4896,4307,0.3333333333333333,0.0007207217399480264,16,16
"[12.07,21.93], [-47.0,79.0], [28.459149999999998,72.21205], [-33.1175,33.1175], [-22.284333753181468,25.8356], [9.959999999999999,60.72], [-3.255,3.255]","N0, N1, N4, N9, N10, N12, N16",0.0,1.0,1.0,1,199.7933124462366,4915,4311,0.3888888888888889,0.0013359299326581844,76,76
"[-7.050000000000001,15.05], [-41.299875,-6.1073249999999994], [-808.58,844.58], [2.75,9.25], [-142.28574152129715,303.0746785744093]","N0, N4, N6, N7, N11",1.0,0.10979242280002384,0.6428571428571429,1,86.7398211584,4854,4317,0.2777777777777778,0.000592949251526304,9,14
"[-11.24,13.24], [18.0,100.0], [0.28975183142540306,7.539751831425402], [-31.135744505723792,2.552405383321485], [217.65404395420967,813.8525002126446]","N0, N1, N7, N12, N14",1.0,0.6995662212779985,0.9310344827586207,1,126.01253710745229,4956,4322,0.2777777777777778,0.0008614156515765255,27,29
"[18.0,100.0], [15.559999999999999,28.44], [-808.58,844.58], [-4.541385109022318,7.539751831425402], [426.2195187482106,813.8525002126446], [16.31967721263864,37.81301054597198]","N1, N3, N6, N7, N14, N17",1.0,0.6903615309097401,0.9285714285714286,1,118.75012587519998,4941,4322,0.3333333333333333,0.0008117701571896236,13,14
"[7.93,32.07], [-53.18925,5.782050000000002], [-130.90994,37.51054], [1080.22,1839.78], [2.625,19.375], [-36.42925,36.42925], [2.3999999999999995,11.600000000000001]","N0, N4, N5, N6, N7, N9, N15",0.0,1.0,1.0,1,93.72,4896,4324,0.3888888888888889,0.0006406654188456741,6,6
"[7.93,32.07], [-53.18925,5.782050000000002], [-130.90994,37.51054], [-36.42925,36.42925], [2.3999999999999995,11.600000000000001]","N0, N4, N5, N9, N15",1,0.0,0.0,1,101.901477888,4324,4324,0.2777777777777778,0.0006965936087506265,0,14
"[16.55,23.45], [-91.90562144748137,38.10751], [-28.375,138.375], [-26.36,44.36], [-3.255,3.255]","N3, N10, N11, N12, N16",0.0,0.6903615309097401,0.9285714285714286,1,120.63797852159999,4945,4336,0.2777777777777778,0.0008246754272112281,13,14
"[-2.75,22.75], [1992.47,2043.53], [16.55,23.45], [-28.375,138.375], [-22.04,32.04], [-3.255,3.255]","N0, N2, N3, N11, N12, N16",0.0,0.6472278485082303,0.9166666666666666,1,123.64229376,4945,4336,0.3333333333333333,0.0008452127818906346,11,12
"[18.0,100.0], [1996.1,2047.9], [75.167525,167.272475], [0.28975183142540306,7.539751831425402], [-31.135744505723792,2.552405383321485], [0.09524816857459673,8.075248168574596]","N1, N2, N5, N7, N12, N16",1.0,1.0,1.0,1,144.283968,4857,4346,0.3333333333333333,0.000986318275623515,10,10
"[28.459149999999998,72.21205], [-33.1175,33.1175], [-73.50000000000001,87.50000000000001], [9.959999999999999,60.72], [-3.1350000000000002,6.555000000000001], [-195.9,259.9], [-3.885,3.255]","N4, N9, N11, N12, N13, N14, N16",0.0,0.9415369435880673,0.9880239520958084,1,180.5597345940465,4993,4351,0.3888888888888889,0.0012235775677210978,165,167
"[8.614921230083322,21.93], [-660.3900000000001,1426.39], [-17.72,45.72], [6.6,13.4], [-3.255,3.885], [15.258097193702943,43.36476386036961]","N0, N6, N12, N15, N16, N17",0.0,1.0,1.0,1,203.15615056419182,4993,4351,0.3333333333333333,0.0013718489949472836,88,88
"[-7.050000000000001,7.46], [24.923125,58.030875], [17.697864476386037,35.47119780971937]","N0, N4, N17",1.0,0.25853377109211173,0.762962962962963,1,131.4880247130198,4992,4358,0.16666666666666666,0.0008398652704903008,206,270
"[18.0,100.0], [9.295,24.705], [-33.90115,36.48395000000001], [-11.693314918785838,11.216137918989487], [107.57467857440929,303.0746785744093], [2.0599999999999996,11.940000000000001], [217.65404395420967,813.8525002126446]","N1, N3, N4, N7, N11, N13, N14",1.0,0.620921323059155,0.9090909090909091,1,152.6007296,4941,4361,0.3888888888888889,0.0010431712584863366,10,11
"[1964.6953288333439,2027.65], [-808.58,844.58], [88.28619643505516,121.92911741128975], [-31.135744505723792,2.552405383321485], [4.501497738285267,16.281497738285267], [418.2525002126445,813.8525002126446]","N2, N6, N8, N12, N13, N14",1.0,1.0,1.0,1,117.4624,4956,4361,0.3333333333333333,0.0008029673249532449,8,8
"[78.06500748807622,129.333225], [-110.125,114.125], [9.959999999999999,38.04], [-107.5,315.70000000000005], [7.8,14.2]","N8, N11, N12, N14, N15",0.0,1.0,1.0,1,166.10432661331006,4915,4362,0.2777777777777778,0.0011354811991228654,34,34
"[13.527088077643842,21.93], [-47.0,112.0], [2012.16,2035.84], [16.875,23.125], [-6.935,6.935], [5.675619438740588,39.92751540041068]","N0, N1, N2, N7, N13, N17",0.0,1.0,1.0,1,183.43345408,4796,4362,0.3333333333333333,0.0012539422822073403,12,12
"[-7.050000000000001,15.05], [-719.22,755.22], [0.28975183142540306,7.539751831425402], [-31.135744505723792,2.552405383321485], [-3.0,5.0], [16.31967721263864,53.74219556398948]","N0, N6, N7, N12, N15, N17",1.0,0.7339040223999997,0.94,1,132.4293706212813,4956,4366,0.3333333333333333,0.0009052808172914233,47,50
"[-8.56,14.56], [427.56,1142.44], [-3.5,7.5], [16.68755,130.56245], [7.255000000000001,20.744999999999997], [529.8,908.2], [-1.7000000000000002,3.7], [19.333114305270364,30.906447638603694]","N0, N6, N7, N8, N13, N14, N15, N17",0.0,0.03125,0.5,1,56.5,4367,4367,0.4444444444444444,0.0003862312864359858,1,2
"[5.199999999999999,18.8], [-27.000000000000004,75.0], [3.625,18.5], [-20.52,32.519999999999996], [-6.555000000000001,6.555000000000001]","N0, N1, N7, N12, N13",0.0,0.24691871275191746,0.7559808612440191,1,162.0604750215066,4993,4369,0.2777777777777778,0.001033301939103563,158,209
"[5.199999999999999,21.93], [-7.0,75.0], [2001.91,2044.09], [0.7200000000000006,17.28], [-660.3900000000001,1426.39], [37.603474999999996,62.68207083950614], [28.25,269.75], [-6.555000000000001,6.555000000000001], [-3.885,3.885]","N0, N1, N2, N3, N6, N8, N11, N13, N16",0.0,0.03778893624495791,0.8228210220011404,1,111.6958931771975,4369,4369,0.5,0.0007635477612645211,0,0
"[5.199999999999999,29.35], [-55.0,75.0], [3.625,18.5], [-39.39929,39.39929], [-17.92,32.519999999999996], [-6.555000000000001,6.555000000000001], [20.888295687885012,33.28829568788501]","N0, N1, N7, N10, N12, N13, N17",0.0,0.31230904514748936,0.7923497267759563,1,171.8641934591697,4993,4371,0.3888888888888889,0.0010376141263695074,145,183
"[10.649999999999999,18.8], [-27.000000000000004,197.02532765645685], [54.73864999999999,109.05135], [-153.25,137.5], [-20.52,52.2], [-5.565,3.6750000000000003]","N0, N1, N9, N11, N12, N16",0.0,0.5277319168,0.88,1,139.53262059120874,4945,4371,0.3333333333333333,0.000953838292933219,22,25
"[-7.050000000000001,15.05], [4.867925029539464,143.0], [3.17,12.83], [-43.92052,43.92052], [-162.82341930672527,149.989353308666], [-15.400000000000002,-11.94176239942123], [0.09524816857459673,8.075248168574596], [30.064155428564792,35.47119780971937]","N0, N1, N3, N10, N11, N12, N16, N17",1.0,0.1,1.0,1,172.25,4372,4372,0.4444444444444444,0.0011774927272318327,0,0
"[9.295,24.705], [-11.693314918785838,11.216137918989487], [107.57467857440929,303.0746785744093], [2.0599999999999996,11.940000000000001], [273.33756683196714,813.8525002126446]","N3, N7, N11, N13, N14",1.0,0.7631229607539922,0.9473684210526315,1,133.38676358755123,4954,4384,0.2777777777777778,0.00091182550962748,18,19
"[-7.050000000000001,25.83292573272444], [18.0,100.0], [1989.8,2034.2], [-33.90115,36.48395000000001], [-142.28574152129715,303.0746785744093], [217.65404395420967,548.5375668319672]","N0, N1, N2, N4, N11, N14",1.0,0.27550608968587587,0.7727272727272727,1,131.14242874394805,4941,4384,0.3333333333333333,0.000896483344426808,17,22
"[-4.395,12.395], [7.0,15.0], [-33.1175,33.1175], [-1.2026547730250883,86.25], [9.959999999999999,60.72], [-5.32,5.32], [-239.39999999999998,259.4], [-3.6750000000000003,3.6750000000000003]","N3, N7, N9, N11, N12, N13, N14, N16",0.0,0.9586834488295707,0.9915966386554622,1,177.51522888307295,4993,4385,0.4444444444444444,0.0011727667893527772,118,119
"[12.07,29.35], [-183.60279,11.133389999999991], [-406.29,420.29], [7.0,15.0], [-86.25,86.25], [-5.32,5.32], [-97.5,117.5], [22.0923613963039,57.1568925393566]","N0, N5, N6, N7, N11, N13, N14, N17",0.0,0.8487852119680392,0.967741935483871,1,178.25830574060296,4900,4385,0.4444444444444444,0.0011354396829257292,60,62
"[12.07,29.35], [-47.0,79.0], [43.880480000000006,233.35351999999997], [3.5,23.125], [-107.5,107.5], [3.0,13.18987477398703]","N0, N1, N5, N7, N14, N15",0.0,1.0,1.0,1,141.25589503688704,4851,4395,0.3333333333333333,0.0009656185142789993,18,18
"[21.0,91.0], [-383.15999999999997,689.16], [-6.935,6.935], [6.6,13.4]","N1, N6, N13, N15",0.0,0.7987103302509025,0.9560439560439561,1,191.7771964987191,4993,4402,0.2222222222222222,0.0012969270321979572,87,91
"[12.264619999999994,191.21138000000002], [0.28975183142540306,7.539751831425402], [-10.289905516197274,18.830094483802732], [-2.269007325701611,11.376479920386194], [0.09524816857459673,1.5606327253252372]","N5, N7, N12, N13, N16",1.0,1.0,1.0,1,116.53323921408,4854,4408,0.2777777777777778,0.0007966156264461342,15,15
"[-7.050000000000001,15.05], [12.264619999999994,191.21138000000002], [225.56,940.44], [0.28975183142540306,7.539751831425402], [-2.269007325701611,11.376479920386194], [0.09524816857459673,1.5606327253252372]","N0, N5, N6, N7, N13, N16",1.0,1.0,1.0,1,130.8,4613,4408,0.3333333333333333,0.000894142517979238,5,5
"[-7.050000000000001,15.05], [1996.1,2047.9], [0.28975183142540306,7.539751831425402], [-31.135744505723792,2.552405383321485], [16.31967721263864,53.74219556398948]","N0, N2, N7, N12, N17",1.0,0.792470436383506,0.9545454545454546,1,129.7122057417512,4956,4417,0.2777777777777778,0.0008867064086740855,42,44
"[18.0,100.0], [2.17,11.83], [-719.22,755.22], [0.28975183142540306,7.539751831425402], [-31.135744505723792,2.552405383321485], [-3.0,5.0]","N1, N3, N6, N7, N12, N15",1.0,0.5734249721032963,0.8947368421052632,1,136.43637912774244,4954,4417,0.3333333333333333,0.0009326725349942627,17,19
"[-53.18925,33.58722853881305], [-130.90994,37.51054], [-36.42925,36.42925], [-32.94039,32.94039], [2.3999999999999995,11.600000000000001]","N4, N5, N9, N10, N15",0.0,0.15359020233154297,0.6875,1,91.40348779091188,4965,4419,0.2777777777777778,0.0006248298526410587,22,32
"[18.0,100.0], [-33.90115,36.48395000000001], [-808.58,844.58], [48.857211466625095,136.6982514666251], [418.2525002126445,813.8525002126446]","N1, N4, N6, N10, N14",1.0,0.708245596707819,0.9333333333333333,1,129.56457459712001,4956,4427,0.2777777777777778,0.0008856972092597682,14,15
"[40.0,148.0], [1.1164799203861921,11.376479920386194], [27.131164673530076,43.25116467353007]","N1, N13, N17",1.0,0.7685738168758914,0.9487179487179487,3,158.47354317761352,4992,4431,0.16666666666666666,0.0032113647171161733,74,78
"[-47.0,79.0], [9.600524999999994,67.37835], [-183.60279,11.133389999999991], [-805.4898211212219,1426.39], [7.0,15.0], [9.959999999999999,60.72], [-5.32,5.32], [-239.39999999999998,259.4], [3.0,13.804003156778705]","N1, N4, N5, N6, N7, N12, N13, N14, N15",0.0,0.9484648520434763,0.9894736842105263,1,190.17553320744634,4993,4432,0.5,0.001307369582339713,94,95
"[4.140000000000001,23.86], [-47.0,79.0], [2006.2,2035.8], [16.875,23.125], [-110.125,114.125], [9.959999999999999,60.72], [-5.985,5.985]","N0, N1, N2, N7, N11, N12, N13",0.0,1.0,1.0,1,165.37791746031616,4859,4439,0.3888888888888889,0.0011305155010407466,18,18
"[10.649999999999999,29.35], [-149.09053,-49.09087], [9.959999999999999,67.80983734932738], [-107.5,107.5], [22.0923613963039,39.92751540041068]","N0, N5, N12, N14, N17",0.0,1.0,1.0,1,138.69035745544485,4915,4439,0.2777777777777778,0.0008433031796204369,25,25
"[-109.25,109.25], [9.959999999999999,44.36]","N11, N12",0.0,0.9066105016923003,0.9805825242718447,1,172.68997931829335,4993,4446,0.1111111111111111,0.001092236578709996,202,206
"[42.0,143.0], [34.743224999999995,66.131175], [-5.25,7.539751831425402], [-31.135744505723792,40.62425549427621], [-2.269007325701611,11.18], [273.33756683196714,548.5375668319672], [-5.0,7.0], [22.05854001755297,43.96520668421964]","N1, N4, N7, N12, N13, N14, N15, N17",1.0,0.5904900000000001,0.9,1,146.81993318390826,4884,4447,0.4444444444444444,0.0010036540118241834,18,20
"[-7.050000000000001,15.05], [1989.8,2034.2], [-142.28574152129715,303.0746785744093], [0.09524816857459673,8.075248168574596]","N0, N2, N11, N16",1.0,0.5102008690808297,0.8740740740740741,1,126.34356602083187,4992,4447,0.2222222222222222,0.000863678549329837,118,135
"[0.28975183142540306,7.539751831425402], [-31.135744505723792,2.552405383321485], [0.09524816857459673,8.075248168574596]","N7, N12, N16",1.0,0.6301063901153425,0.9117647058823529,1,135.77096460469036,4954,4453,0.16666666666666666,0.0009281237932729956,31,34
"[-7.050000000000001,15.05], [18.0,100.0], [1996.1,2047.9], [75.167525,167.272475], [49.183035557287354,124.69093555728736], [-31.135744505723792,2.552405383321485], [16.31967721263864,53.74219556398948]","N0, N1, N2, N5, N9, N12, N17",1.0,1.0,1.0,1,134.929408,4944,4453,0.3888888888888889,0.000922370952741345,10,10
"[-660.3900000000001,1426.39], [37.603474999999996,119.16252499999999], [-73.50000000000001,87.50000000000001], [-3.1350000000000002,6.555000000000001], [-195.9,259.9], [-3.885,3.885], [15.258097193702943,43.36476386036961]","N6, N8, N11, N13, N14, N16, N17",0.0,0.05492655047985117,0.5597014925373134,1,127.65928199250042,4981,4457,0.3888888888888889,0.009658792678670005,75,134
"[-1.3500000000000014,17.35], [-47.0,35.0], [37.603474999999996,119.16252499999999], [36.03294999999999,119.48904999999999], [-195.9,259.9], [15.258097193702943,36.49184120465434]","N0, N1, N8, N9, N14, N17",0.0,0.401877572016461,0.8333333333333334,1,110.6,4935,4459,0.3333333333333333,0.0007560562881384075,5,6
"[-183.60279,124.339705], [-514.22,476.92999999999995], [-34.4422,34.4422], [-192.625,192.625], [23.28,60.72], [31.116892539356606,57.1568925393566]","N5, N6, N9, N11, N12, N17",0.0,1.0,1.0,1,125.954831872,4933,4469,0.3333333333333333,0.0008610211813584223,14,14
"[-7.050000000000001,7.44], [42.0,100.0], [-5.25,7.539751831425402], [-142.28574152129715,303.0746785744093], [-2.269007325701611,11.18], [22.05854001755297,45.357488761898125]","N0, N1, N7, N11, N13, N17",1.0,0.4994827458809231,0.8703703703703703,1,113.29048048684153,4989,4477,0.3333333333333333,0.0007744482835289159,94,108
"[-3.4400000000000004,15.05], [1995.1,2034.2], [9.295,24.705], [-142.511605,-55.669795], [0.28975183142540306,7.539751831425402], [-31.135744505723792,40.62425549427621], [217.65404395420967,656.2540439542097], [30.064155428564792,43.96520668421964]","N0, N2, N3, N5, N7, N12, N14, N17",1.0,1.0,1.0,1,164.0,4672,4477,0.4444444444444444,0.0011210961234602065,2,2
"[-7.050000000000001,7.46], [36.0,148.0], [-7.292448670799037,12.83], [-176.49226023059134,283.5680796582255]","N0, N1, N3, N14",1.0,0.4939144320360374,0.868421052631579,1,131.77758336373705,4992,4478,0.2222222222222222,0.0008423395317771414,165,190
"[-7.050000000000001,7.46], [-291.53999999999996,1093.54], [-70.09299334006492,79.40700665993508], [-2.0,24.0], [-249.63192034177456,391.1077397694087]","N0, N6, N11, N12, N14",1.0,0.25532893796498723,0.7610619469026548,1,133.02214910387963,4992,4478,0.2777777777777778,0.0008529742713096507,172,226
"[1996.9,2024.76], [10.625,23.125], [-34.23217,39.39929], [-17.92,55.92], [-5.565,3.6750000000000003]","N2, N7, N10, N12, N16",0.0,0.34895097286775467,0.810126582278481,1,163.09209632734053,4981,4483,0.2777777777777778,0.0010227617774497492,64,79
"[10.649999999999999,29.35], [-47.0,112.0], [1989.24,2019.1], [1.75,29.375], [-39.39929,34.23217], [-67.375,99.375], [-8.68,26.68]","N0, N1, N2, N7, N10, N11, N12",0.0,0.6744185348093986,0.9242424242424242,1,181.15437978997176,4981,4483,0.3888888888888889,0.0011771029052759325,61,66
"[18.0,148.0], [13.055,22.945], [-33.90115,36.48395000000001], [0.28975183142540306,7.539751831425402], [59.8776,137.3844], [-31.135744505723792,2.552405383321485], [1.1164799203861921,11.376479920386194], [-1.3500000000000005,13.350000000000001], [27.131164673530076,43.25116467353007]","N1, N3, N4, N7, N10, N12, N13, N16, N17",1.0,1.0,1.0,1,134.88,4956,4489,0.5,0.0009220332020262967,6,6
"[12.07,29.35], [-47.0,112.0], [-383.15999999999997,689.16], [-5.985,6.935]","N0, N1, N6, N13",0.0,0.8772073689217295,0.9741379310344828,1,152.393159494926,4981,4490,0.2222222222222222,0.0011118495553854879,113,116
"[10.649999999999999,21.93], [12.0,98.0], [16.55,23.45], [15.720224999999992,66.821425], [3.625,23.125], [70.7504,119.9936], [-110.125,205.5], [9.959999999999999,38.04], [5.675619438740588,39.92751540041068]","N0, N1, N3, N4, N7, N8, N11, N12, N17",0.0,1.0,1.0,1,113.5,4818,4490,0.5,0.0007758805488581308,2,2
"[-310.61,426.61], [9.959999999999999,60.72], [-6.935,5.32], [7.7,22.3], [22.663490759753593,45.810157426420254]","N6, N12, N13, N15, N17",0.0,1.0,1.0,1,192.75998967205442,4993,4496,0.2777777777777778,0.0012608057815798688,74,74
"[12.07,29.35], [-47.0,112.0], [-34.4422,34.4422], [-21.31437,21.31437], [-67.375,99.375]","N0, N1, N9, N10, N11",0.0,0.8708742762851521,0.9727272727272728,1,151.51724340279503,4981,4497,0.2777777777777778,0.0010972310975300476,107,110
"[23.28,44.36], [31.116892539356606,57.1568925393566]","N12, N17",0.0,1.0,1.0,1,118.97727043584001,4969,4503,0.1111111111111111,0.0008133229064969321,16,16
"[3.17,12.83], [-27.56087,46.12309], [3.625,18.375], [-15.400000000000002,18.50850948915253], [0.09524816857459673,8.075248168574596], [30.064155428564792,35.47119780971937]","N3, N5, N7, N12, N16, N17",1.0,0.5549289573066435,0.8888888888888888,1,173.30621786731277,4992,4504,0.3333333333333333,0.0011971992204551484,32,36
"[9.959999999999999,60.72], [6.6,16.8], [-3.255,3.255]","N12, N15, N16",0.0,1.0,1.0,1,193.67400006657576,4993,4507,0.16666666666666666,0.0012705684865160368,120,120
"[10.0,96.0], [1977.76,2020.76], [9.295,24.705], [273.33756683196714,813.8525002126446], [30.064155428564792,45.357488761898125]","N1, N2, N3, N14, N17",1.0,0.2693290743429045,0.7692307692307693,1,136.14390272,4956,4509,0.2777777777777778,0.0009306731803178992,10,13
"[8.614921230083322,21.93], [-28.0,106.0], [-660.3900000000001,1426.39], [-17.72,60.72]","N0, N1, N6, N12",0.0,0.490262006679034,0.8671328671328671,1,172.75478071389938,4993,4522,0.2222222222222222,0.0010933180709661045,124,143
"[-53.18925,5.782050000000002], [-32.94039,32.94039], [6.6,13.4], [-3.255,3.885], [15.258097193702943,43.36476386036961]","N4, N10, N15, N16, N17",0.0,1.0,1.0,1,124.85824,4896,4522,0.2777777777777778,0.0008535249319881956,9,9
"[12.07,21.93], [-47.0,79.0], [2002.9,2025.1], [10.625,29.375], [-33.1175,33.1175], [9.959999999999999,60.72], [-3.255,3.255], [22.0923613963039,57.1568925393566]","N0, N1, N2, N7, N9, N12, N16, N17",0.0,1.0,1.0,1,211.0545300843725,4915,4527,0.4444444444444444,0.001442758631196985,18,18
"[12.07,29.35], [28.459149999999998,72.21205], [-989.9320958043011,1426.39], [6.6,13.4]","N0, N4, N6, N15",0.0,1.0,1.0,2,202.90797149782537,4915,4527,0.2222222222222222,0.0027383963018376427,59,59
"[-7.050000000000001,15.05], [42.0,143.0], [-3.5199999999999996,7.52], [-31.135744505723792,2.552405383321485], [0.09524816857459673,8.075248168574596]","N0, N1, N3, N12, N16",1.0,0.8751664033829021,0.9736842105263158,1,140.09194469049402,4966,4528,0.2777777777777778,0.0009576618056128933,37,38
"[-7.050000000000001,15.05], [40.0,143.0], [-162.82341930672527,242.355389028219], [-31.135744505723792,2.552405383321485], [-0.3322040268352402,6.867795973164759], [16.31967721263864,43.96520668421964]","N0, N1, N11, N12, N15, N17",1.0,0.6839095992798868,0.926829268292683,1,139.66577471904816,4992,4528,0.3333333333333333,0.0009547485281560451,76,82
"[-27.000000000000004,79.0], [-130.90994,37.51054], [1.75,20.25], [-39.39929,39.39929], [-24.159999999999997,36.16], [3.0,18.3]","N1, N5, N7, N10, N12, N15",0.0,0.24622492641704344,0.7555555555555555,1,167.2398862447975,4993,4540,0.3333333333333333,0.0010011450098969083,136,180
"[-47.0,29.000000000000004], [-47.297644999999996,65.859865], [-52.3209,52.3209], [-86.25,86.25], [-6.935,5.32], [-239.39999999999998,259.4], [-3.255,3.255]","N1, N5, N8, N11, N13, N14, N16",0.0,0.6264850986190417,0.9107142857142857,1,131.58257915216763,4979,4540,0.3888888888888889,0.0009149769951705242,51,56
"[21.0,91.0], [-383.15999999999997,689.16], [1.625,20.375], [9.959999999999999,60.72], [-3.255,3.255]","N1, N6, N7, N12, N16",0.0,0.9462493312830467,0.989010989010989,1,178.44717162101227,4993,4546,0.2777777777777778,0.001247336551372838,90,91
"[10.649999999999999,31.692441794269463], [10.625,29.375], [6.6,16.8]","N0, N7, N15",0.0,1.0,1.0,2,199.59759731590884,4993,4546,0.16666666666666666,0.0026676789302189424,80,80
"[-7.050000000000001,15.05], [-31.135744505723792,2.552405383321485], [-2.269007325701611,11.18], [273.33756683196714,548.5375668319672], [22.05854001755297,53.74219556398948]","N0, N12, N13, N14, N17",1.0,0.48894551440329226,0.8666666666666667,1,124.86875144192001,4956,4548,0.2777777777777778,0.0008535967877003207,13,15
"[-7.050000000000001,7.46], [40.0,148.0], [-1.0950000000000006,16.90405343240964], [12.536124999999995,55.337875], [-39.741,39.741], [1.1164799203861921,11.376479920386194]","N0, N1, N3, N4, N9, N13",1.0,0.889004939668669,0.9767441860465116,2,153.53998496880226,4992,4552,0.3333333333333333,0.002056595893990606,42,43
"[28.91399043773302,79.0], [-86.25,86.25], [9.959999999999999,60.72], [-6.935,5.32], [-239.39999999999998,259.4], [-3.255,3.255]","N1, N11, N12, N13, N14, N16",0.0,0.8937186350319225,0.9777777777777777,2,185.87075941106082,4993,4556,0.3333333333333333,0.002593191878803942,88,90
"[12.07,21.93], [28.459149999999998,72.21205], [-47.297644999999996,65.859865], [-52.3209,52.3209], [-33.1175,33.1175], [-22.284333753181468,25.8356], [-3.255,3.255]","N0, N4, N5, N8, N9, N10, N16",0.0,0.5792642820741052,0.896551724137931,1,190.5368388377056,4873,4556,0.3888888888888889,0.0013246455532082784,26,29
"[-7.050000000000001,15.05], [42.0,143.0], [1989.8,2034.2], [34.743224999999995,66.131175], [-5.25,7.539751831425402], [273.33756683196714,548.5375668319672], [-5.0,7.0]","N0, N1, N2, N4, N7, N14, N15",1.0,0.48894551440329226,0.8666666666666667,1,145.86620305408002,4884,4563,0.3888888888888889,0.0009971343584621246,13,15
"[0.28975183142540306,7.539751831425402], [-142.28574152129715,303.0746785744093], [-31.135744505723792,40.62425549427621], [273.33756683196714,548.5375668319672], [22.05854001755297,43.96520668421964]","N7, N11, N12, N14, N17",1.0,0.5417169694823225,0.8846153846153846,1,134.04945206849914,4954,4563,0.2777777777777778,0.0009163556162558484,23,26
"[1.1164799203861921,11.376479920386194], [-5.4,7.4], [-5.552103371642841,17.16120674986005]","N13, N15, N16",1.0,0.6965586323501161,0.9302325581395349,3,145.84827536881627,4992,4570,0.16666666666666666,0.0028877182506964433,80,86
"[-7.050000000000001,7.46], [40.0,148.0], [-7.292448670799037,16.90405343240964], [12.536124999999995,55.337875], [-291.53999999999996,1093.54], [-39.741,39.741], [1.9335639992846199,11.376479920386194], [27.131164673530076,43.25116467353007]","N0, N1, N3, N4, N6, N9, N13, N17",1.0,1.0,1.0,1,170.61959077887997,4992,4570,0.4444444444444444,0.0011742421532750784,17,17
"[-34.4422,34.4422], [-21.31437,21.31437], [-67.375,99.375], [23.28,52.2]","N9, N10, N11, N12",0.0,1.0,1.0,1,141.57017418754037,4993,4571,0.2222222222222222,0.0008679110407075415,40,40
"[12.07,29.35], [-47.0,112.0], [-514.22,960.22], [7.375,15.0]","N0, N1, N6, N7",0.0,0.7980355158840382,0.9558823529411765,2,154.27184626389428,4969,4571,0.2222222222222222,0.0022864071797343397,65,68
"[-27.000000000000004,29.000000000000004], [-130.90994,37.51054], [-3.61,3.61], [8.399999999999999,19.6]","N1, N5, N13, N15",0.0,1.0,1.0,1,160.3803583080062,4915,4575,0.2222222222222222,0.0009995901388726502,24,24
"[-27.000000000000004,29.000000000000004], [-53.18925,33.58722853881305], [-36.42925,36.42925], [-32.94039,32.94039]","N1, N4, N9, N10",0.0,1.0,1.0,1,87.97504,4981,4575,0.2222222222222222,0.0006013931482027842,9,9
"[37.335775,66.821425], [16.875,23.125], [-17.88345,17.88345], [-4.920000000000002,42.92], [-6.935,6.935], [-107.5,107.5]","N4, N7, N9, N12, N13, N14",0.0,1.0,1.0,1,190.75776000000002,4915,4579,0.3333333333333333,0.0013040108857070272,10,10
"[12.264619999999994,191.21138000000002], [0.28975183142540306,7.539751831425402], [23.497829359074636,105.62922935907463], [-10.289905516197274,18.830094483802732], [-2.269007325701611,11.376479920386194], [0.09524816857459673,1.5606327253252372]","N5, N7, N9, N12, N13, N16",1.0,1.0,1.0,2,121.24,4854,4590,0.3333333333333333,0.0016575816342477491,7,7
"[-7.050000000000001,15.05], [40.0,148.0], [1961.31,1988.69], [-7.292448670799037,12.83], [7.25,14.75], [-36.932399999999994,36.932399999999994], [-162.82341930672527,242.355389028219], [-15.400000000000002,18.50850948915253], [0.09524816857459673,17.16120674986005]","N0, N1, N2, N3, N7, N8, N11, N12, N16",1.0,0.7574109882422775,0.9459459459459459,1,146.10714444434447,4982,4593,0.5,0.0009647847709414344,35,37
"[-53.18925,5.782050000000002], [-32.94039,32.94039], [-6.935,6.935], [6.6,13.4]","N4, N10, N13, N15",0.0,1.0,1.0,1,118.8576,4896,4594,0.2222222222222222,0.0008125048451450234,8,8
"[10.649999999999999,31.692441794269463], [21.0,91.0], [-383.15999999999997,689.16], [10.625,29.375], [-36.162975,36.162975], [6.6,13.4], [-3.255,3.885], [15.258097193702943,43.36476386036961]","N0, N1, N6, N7, N8, N15, N16, N17",0.0,1.0,1.0,1,187.85990716605298,4993,4594,0.4444444444444444,0.0012634540300232317,25,25
"[42.0,100.0], [-5.25,7.539751831425402], [-142.28574152129715,303.0746785744093], [-2.269007325701611,11.18], [25.64835745304352,45.357488761898125]","N1, N7, N11, N13, N17",1.0,0.3632654951131687,0.8166666666666667,1,129.60949892090593,4948,4597,0.2777777777777778,0.0008860043097795577,49,60
"[-4.0,120.0], [1989.8,2034.2], [-1.83,7.83], [-341.27,351.27], [-5.25,7.539751831425402], [38.42639137973566,116.90774137973565], [58.89368055883375,93.77174055883376], [-142.28574152129715,303.0746785744093], [-4.8,6.8]","N1, N2, N3, N6, N7, N8, N10, N11, N15",1.0,0.7631229607539922,0.9473684210526315,1,102.44619622711295,4989,4597,0.5,0.0007003172771552436,18,19
"[4.491706512915615,32.07], [-27.000000000000004,29.000000000000004], [1988.62,2043.38], [-130.90994,108.185435], [-7.77,5.565]","N0, N1, N2, N5, N16",0.0,1.0,1.0,1,172.8358639607808,4915,4602,0.2777777777777778,0.0011060216869142837,17,17
"[-7.292448670799037,16.90405343240964], [12.536124999999995,55.337875], [-24.54382,24.54382], [1.1164799203861921,11.376479920386194], [-129.89999999999998,411.9], [27.131164673530076,43.25116467353007]","N3, N4, N10, N13, N14, N17",1.0,1.0,1.0,1,165.36377308886065,4992,4610,0.3333333333333333,0.0022586630132895736,28,28
"[-7.050000000000001,7.46], [40.0,148.0], [-1.0950000000000006,16.90405343240964], [12.536124999999995,55.337875], [97.72840496041266,1093.54], [-39.741,39.741], [1.9335639992846199,11.376479920386194]","N0, N1, N3, N4, N6, N9, N13",1.0,0.7385081737104511,0.9411764705882353,1,154.2949921374208,4992,4610,0.3888888888888889,0.0010347494379245932,16,17
"[12.264619999999994,191.21138000000002], [0.28975183142540306,7.539751831425402], [23.497829359074636,105.62922935907463], [-10.289905516197274,18.830094483802732], [-2.269007325701611,11.376479920386194], [-195.61507181512386,389.1849281848762], [-0.0924640924380884,7.3075359075619115], [0.09524816857459673,1.5606327253252372]","N5, N7, N9, N12, N13, N14, N15, N16",1.0,1.0,1.0,1,115.66666666666667,4854,4613,0.4444444444444444,0.0007906917781314871,3,3
"[42.0,100.0], [-5.25,7.539751831425402], [71.98257304189497,117.19487304189497], [-142.28574152129715,303.0746785744093], [-2.269007325701611,11.18], [25.64835745304352,45.357488761898125]","N1, N7, N10, N11, N13, N17",1.0,0.3921708428882455,0.8292682926829268,1,135.72800385460843,4948,4617,0.3333333333333333,0.0009278301156487407,34,41
"[-7.880000000000001,13.88], [18.0,100.0], [-33.90115,36.48395000000001], [-808.58,844.58], [57.48326167537611,132.99116167537613], [48.857211466625095,136.6982514666251], [418.2525002126445,813.8525002126446]","N0, N1, N4, N6, N9, N10, N14",1.0,0.620921323059155,0.9090909090909091,1,127.0552064,4956,4617,0.3888888888888889,0.0008685432887833929,10,11
"[-12.0,112.0], [1977.61,2012.39], [-351.82000000000005,675.82], [23.125,32.96764109136636], [-19.04,60.72], [-6.08,6.08], [-219.39999999999998,279.4]","N1, N2, N6, N7, N12, N13, N14",0.0,0.1,1.0,1,74.33333333333333,4619,4619,0.3888888888888889,0.000508139096608996,0,0
"[-27.000000000000004,29.000000000000004], [1964.09,1995.91], [-53.18925,33.58722853881305], [-514.22,1426.39], [9.2,16.8]","N1, N2, N4, N6, N15",0.0,0.1,1.0,1,150.87441137118202,4623,4623,0.2777777777777778,0.0010313702299851993,0,0
"[-36.42925,36.42925], [-32.94039,32.94039], [-186.875,186.875], [9.959999999999999,60.72]","N9, N10, N11, N12",0.0,0.9609423626455985,0.9920634920634921,1,172.69757765818173,4993,4623,0.2222222222222222,0.0010923633899564474,125,126
"[-7.050000000000001,15.05], [-7.292448670799037,12.83], [7.25,14.75], [-36.932399999999994,36.932399999999994], [-142.28574152129715,242.355389028219], [-15.400000000000002,18.50850948915253], [0.09524816857459673,17.16120674986005]","N0, N3, N7, N8, N11, N12, N16",1.0,0.5603693956509233,0.890625,1,145.30415082646618,4992,4629,0.3888888888888889,0.0009579232386840666,57,64
"[15.720224999999992,67.37835], [-183.60279,11.133389999999991], [1657.33,2796.67], [4.875,17.125], [-33.1175,33.1175], [-22.284333753181468,25.8356], [13.87157797672824,34.049882236496856], [-2.5650000000000004,2.5650000000000004], [-239.39999999999998,259.4], [3.0,16.8]","N4, N5, N6, N7, N9, N10, N12, N13, N14, N15",0.0,1.0,1.0,1,81.0,4632,4632,0.5555555555555556,0.0005537121097577849,2,2
"[43.880480000000006,233.35351999999997], [9.959999999999999,60.72], [-107.5,107.5]","N5, N12, N14",1,0.0,0.0,1,135.58912610304,4634,4634,0.16666666666666666,0.0009268807540089954,0,15
"[10.649999999999999,21.93], [3.295,17.164748144088378], [-78.65603499999999,108.185435], [10.625,29.375], [-228.50000000000003,244.50000000000003]","N0, N3, N5, N7, N14",0.0,0.6011483889270763,0.9032258064516129,1,172.59347181434993,4993,4643,0.2777777777777778,0.0011821052833464534,56,62
"[-15.749043230414507,24.810956769585495], [1.1164799203861921,11.376479920386194], [-5.4,7.4], [-5.552103371642841,17.16120674986005]","N12, N13, N15, N16",1.0,0.6590815232000001,0.92,1,145.8482751985776,4992,4649,0.2222222222222222,0.0009625727487774686,69,75
"[-9.223786283627561,-7.050000000000001], [-7.292448670799037,16.90405343240964], [-291.53999999999996,1297.4230947252645], [-31.7928,31.7928], [1.9335639992846199,11.376479920386194], [27.131164673530076,43.25116467353007]","N0, N3, N6, N9, N13, N17",1.0,0.1,1.0,1,135.0,4652,4652,0.3333333333333333,0.0009228535162629749,0,0
"[40.0,148.0], [12.536124999999995,55.337875], [-39.741,39.741], [-15.749043230414507,24.810956769585495], [1.1164799203861921,11.376479920386194], [-5.4,7.4], [-5.552103371642841,17.16120674986005]","N1, N4, N9, N12, N13, N15, N16",1.0,0.8686157861214838,0.9722222222222222,1,153.5538092259404,4992,4652,0.3888888888888889,0.0010284160744426145,35,36
"[-399.65000000000003,605.6500000000001], [-36.42925,36.42925], [-32.94039,32.94039], [-186.875,186.875], [9.959999999999999,60.72]","N6, N9, N10, N11, N12",0.0,0.9523897995102434,0.9902912621359223,1,172.8041087926718,4993,4658,0.2777777777777778,0.0010941413238405551,102,103
"[-7.050000000000001,15.05], [-7.292448670799037,12.83], [31.182349999999996,67.32605], [7.25,14.75], [-36.932399999999994,36.932399999999994], [-142.28574152129715,242.355389028219], [-15.400000000000002,18.50850948915253], [-276.40000000000003,308.40000000000003], [0.09524816857459673,17.16120674986005]","N0, N3, N4, N7, N8, N11, N12, N14, N16",1.0,0.4779830563763579,0.8627450980392157,1,151.86225475915813,4992,4667,0.5,0.0010139618430757592,44,51
"[12.07,21.93], [-47.0,79.0], [10.399999999999999,19.6], [-33.1175,33.1175], [-22.284333753181468,25.8356], [9.959999999999999,60.72]","N0, N1, N3, N9, N10, N12",0.0,1.0,1.0,1,200.42063575039998,4851,4676,0.3333333333333333,0.001370065840251241,14,14
"[-55.0,112.0], [15.720224999999992,83.301175], [-33.1175,33.1175], [23.28,60.72], [3.0,13.804003156778705]","N1, N4, N9, N12, N15",0.0,1.0,1.0,1,159.641310068736,4993,4688,0.2777777777777778,0.0010223278119189062,16,16
"[-183.60279,11.133389999999991], [13.87157797672824,44.36], [-6.935,6.935], [31.116892539356606,57.1568925393566]","N5, N12, N13, N17",0.0,1.0,1.0,1,142.45547849054415,4969,4688,0.2222222222222222,0.000920455362738924,24,24
"[40.0,143.0], [-462.05000000000007,990.0500000000001], [-35.7669,35.7669], [1.1164799203861921,11.376479920386194], [-135.30501141291046,217.29498858708956], [-4.8,6.8]","N1, N6, N9, N13, N14, N15",1.0,0.8487852119680392,0.967741935483871,1,159.69713635033398,4992,4690,0.3333333333333333,0.0010809104359083583,30,31
"[5.199999999999999,17.446251491203203], [-27.000000000000004,29.000000000000004], [-660.3900000000001,1426.39], [37.603474999999996,119.16252499999999], [-31.479999999999997,45.48], [-3.1350000000000002,6.555000000000001], [-195.9,259.9], [15.258097193702943,43.36476386036961]","N0, N1, N6, N8, N12, N13, N14, N17",0.0,1.0,1.0,1,145.2,4981,4697,0.4444444444444444,0.0009925802263806218,6,6
"[-53.18925,33.58722853881305], [-32.94039,32.94039], [-73.50000000000001,87.50000000000001], [-3.885,3.885]","N4, N10, N11, N16",0.0,0.07775999999999998,0.6,1,101.51921216010308,4981,4697,0.2222222222222222,0.0006939804585940599,27,45
"[2002.9,2025.1], [-0.2200000000000002,6.220000000000001], [10.625,29.375], [-33.1175,33.1175], [9.959999999999999,60.72], [-291.40000000000003,293.40000000000003], [22.0923613963039,57.1568925393566]","N2, N3, N7, N9, N12, N14, N17",0.0,1.0,1.0,1,181.0,4699,4699,0.3888888888888889,0.0012373073069896182,2,2
"[18.0,100.0], [48.857211466625095,136.6982514666251], [418.2525002126445,813.8525002126446], [-5.4,7.4]","N1, N10, N14, N15",0,1.0000000000000003e-05,0.1,1,129.6832,4870,4707,0.2222222222222222,0.0008865081268165527,1,10
"[-33.90115,36.48395000000001], [1.1164799203861921,11.376479920386194], [-5.552103371642841,17.16120674986005]","N4, N13, N16",1.0,0.5734249721032963,0.8947368421052632,1,129.21928694667673,4982,4707,0.16666666666666666,0.0008833368394647033,17,19
"[-6.99,8.99], [7.364658958111384,19.245], [53.6438,96.0342], [37.54727,111.17873], [2.5,393.5], [-21.400000000000002,25.400000000000002], [-0.4150000000000009,10.415000000000001], [238.7,591.3], [-3.8,5.8], [4.069999999999999,17.93], [19.727104722792607,42.46043805612594]","N0, N3, N9, N10, N11, N12, N13, N14, N15, N16, N17",0.0,0.0003200000000000001,0.2,1,156.0,4870,4714,0.6111111111111112,0.0010664085076816598,1,5
"[42.0,100.0], [51.4454696368113,101.7840696368113], [235.2886091130535,453.7886091130535], [2.8200000000000003,11.18], [418.2525002126445,813.8525002126446]","N1, N9, N11, N13, N14",1.0,1.0,1.0,1,134.4,4956,4715,0.2777777777777778,0.0009187519450795839,5,5
"[1977.76,2020.76], [-9.130300000000002,23.23427813516853], [-54.554719999999996,66.4975], [25.22286889456293,121.92911741128975], [48.857211466625095,136.6982514666251], [-3.724840336019602,-2.4601882778425757]","N2, N4, N5, N8, N10, N15",1.0,0.1,1.0,1,132.43409149951998,4715,4715,0.3333333333333333,0.0009053130889883301,0,0
"[10.649999999999999,21.93], [-660.3900000000001,1426.39], [10.625,29.375], [6.6,13.4], [15.258097193702943,43.36476386036961]","N0, N6, N7, N15, N17",0.0,1.0,1.0,1,203.81055340310587,4993,4719,0.2777777777777778,0.0013788387861619165,37,37
"[-17.72,45.72], [6.6,16.8], [-3.255,3.885]","N12, N15, N16",0.0,0.9315334544737711,0.9859154929577465,1,193.08414982682538,4993,4719,0.16666666666666666,0.0012642681929069838,70,71
"[2012.16,2043.53], [-78.65603499999999,124.339705], [71.9524,146.1356], [-73.50000000000001,87.50000000000001], [-19.04,52.2], [-3.885,3.255]","N2, N5, N9, N11, N12, N16",0.0,0.008416533573215765,0.38461538461538464,1,111.78962944000001,4937,4723,0.3333333333333333,0.0007641885378551036,5,13
"[-7.050000000000001,7.46], [-7.292448670799037,12.83], [-74.40617999999999,83.48801999999999], [-291.53999999999996,1093.54], [1.9335639992846199,11.376479920386194], [-5.552103371642841,17.16120674986005], [27.131164673530076,43.25116467353007]","N0, N3, N5, N6, N13, N16, N17",1.0,0.7385081737104511,0.9411764705882353,1,167.2349026369536,4992,4729,0.3888888888888889,0.0011453201963007233,16,17
"[12.07,21.93], [-47.0,112.0], [4.661374999999998,34.147025], [-183.60279,11.133389999999991], [7.0,15.0], [-153.25,157.25], [9.959999999999999,60.72], [-239.39999999999998,259.4], [-3.255,3.6750000000000003], [22.0923613963039,57.1568925393566]","N0, N1, N4, N5, N7, N11, N12, N14, N16, N17",0.0,1.0,1.0,1,118.33333333333333,4730,4730,0.5555555555555556,0.0008089209833910026,3,3
"[12.07,29.35], [-5.32,5.32], [-3.6750000000000003,3.255]","N0, N13, N16",0.0,0.9315334544737711,0.9859154929577465,1,158.19933860817048,4981,4730,0.16666666666666666,0.001208750828727326,70,71
"[1989.8,2034.2], [-3.5199999999999996,7.83], [4.266349999999996,74.65145000000001], [-810.41,351.27], [-5.25,7.539751831425402], [38.42639137973566,144.55368926200202], [27.303478925961343,121.60341892596134], [-142.28574152129715,303.0746785744093], [-31.135744505723792,40.62425549427621], [-4.8,4.9]","N2, N3, N4, N6, N7, N8, N10, N11, N12, N15",1.0,0.708245596707819,0.9333333333333333,1,106.64552321024,4989,4739,0.5555555555555556,0.0007290236747279607,14,15
"[-4.0,143.0], [-1.83,12.83], [-341.27,820.41], [65.53498453975462,126.47118453975463], [-4.8,6.8], [0.09524816857459673,8.075248168574596]","N1, N3, N6, N9, N15, N16",1.0,0.5549289573066435,0.8888888888888888,1,113.08740942921727,4989,4739,0.3333333333333333,0.0007730600995320286,16,18
"[-7.050000000000001,15.05], [89.48130783547333,143.0], [2000.35,2034.2], [10.48,21.52], [-341.27,351.27], [-5.25,7.539751831425402], [0.09524816857459673,8.075248168574596], [22.05854001755297,43.96520668421964]","N0, N1, N2, N3, N6, N7, N16, N17",1.0,0.07915131153593327,0.9543147208121827,1,127.02098055488068,4749,4749,0.4444444444444444,0.0008683093225499451,0,0
"[-310.61,426.61], [61.853500000000004,101.59450000000001], [-6.935,5.32], [6.6,22.3], [-3.255,3.885], [22.663490759753593,45.810157426420254]","N6, N9, N13, N15, N16, N17",0.0,1.0,1.0,1,126.33333333333333,4895,4753,0.3333333333333333,0.0008636085991695493,3,3
"[40.0,148.0], [-34.76614463904136,166.48385536095867], [1.1164799203861921,11.376479920386194], [27.131164673530076,43.25116467353007]","N1, N11, N13, N17",1.0,0.8280335219957866,0.9629629629629629,1,163.78724141241636,4992,4757,0.2222222222222222,0.0011158601381160223,26,27
"[-7.050000000000001,15.05], [42.0,143.0], [-1.0950000000000006,12.83], [24.923125,58.030875], [-22.5199,23.887282090489624], [-4.8,6.8]","N0, N1, N3, N4, N9, N15",1.0,0.3591654751124945,0.8148148148148148,1,153.58408827374626,4992,4759,0.3333333333333333,0.0010061678595097642,44,54
"[-7.050000000000001,15.05], [18.0,100.0], [1996.1,2047.9], [75.167525,191.21138000000002], [-31.135744505723792,2.552405383321485], [-2.269007325701611,11.376479920386194], [0.09524816857459673,1.5606327253252372]","N0, N1, N2, N5, N12, N13, N16",1.0,1.0,1.0,1,125.0,4966,4766,0.3888888888888889,0.0008544939965397916,2,2
"[12.264619999999994,167.272475], [0.28975183142540306,7.539751831425402], [8.075248168574596,10.02174873923272]","N5, N7, N16",1.0,0.1,1.0,1,132.87917033622733,4766,4766,0.16666666666666666,0.0009083556265399569,0,0
"[28.459149999999998,72.21205], [-514.22,960.22], [7.375,15.0], [-33.1175,33.1175], [-146.625,146.625], [-6.935,5.32], [-3.255,3.255]","N4, N6, N7, N9, N11, N13, N16",0.0,0.12855197615644956,0.6634615384615384,1,145.40309317579073,4993,4772,0.3888888888888889,0.0010098561334886456,69,104
"[12.07,21.93], [9.959999999999999,60.72], [6.6,13.4]","N0, N12, N15",0.0,1.0,1.0,1,203.11223212145862,4915,4772,0.16666666666666666,0.0013713798943766223,29,29
"[7.25,14.75], [-36.932399999999994,36.932399999999994], [-20.02259,20.02259], [0.09524816857459673,17.16120674986005]","N7, N8, N10, N16",1.0,0.22965034521487823,0.7450980392156863,1,137.353017732439,4992,4773,0.2222222222222222,0.000889981283738716,38,51
"[-7.292448670799037,12.83], [31.182349999999996,67.32605], [7.25,14.75], [-142.28574152129715,242.355389028219], [-15.400000000000002,18.50850948915253], [-276.40000000000003,308.40000000000003], [0.09524816857459673,17.16120674986005]","N3, N4, N7, N11, N12, N14, N16",1.0,0.2693290743429045,0.7692307692307693,1,145.98954071704847,4992,4773,0.3888888888888889,0.000963779854151983,30,39
"[-47.0,112.0], [3.5,18.375], [-115.5,157.25], [9.959999999999999,38.04], [-5.985,6.935], [5.675619438740588,39.92751540041068]","N1, N7, N11, N12, N13, N17",0.0,1.0,1.0,1,175.3253845609665,4993,4778,0.3333333333333333,0.0011362197419583107,70,70
"[12.07,36.587393633457914], [-47.0,79.0], [43.880480000000006,233.35351999999997], [-39.39929,39.39929], [9.959999999999999,38.04], [-6.930000000000001,6.930000000000001], [22.0923613963039,39.92751540041068]","N0, N1, N5, N10, N12, N16, N17",0.0,1.0,1.0,1,139.44,4981,4778,0.3888888888888889,0.0009532051430200683,6,6
"[-383.15999999999997,689.16], [3.625,23.125], [70.7504,119.9936]","N6, N7, N8",0.0,0.056313514709472656,0.5625,1,146.23406458621372,4981,4780,0.16666666666666666,0.010791670817628257,27,48
"[10.649999999999999,29.35], [16.55,23.45], [15.720224999999992,66.821425], [-383.15999999999997,689.16]","N0, N3, N4, N6",0.0,1.0,1.0,1,152.0,4818,4780,0.2222222222222222,0.0010390646997923865,1,1
"[9.959999999999999,52.2]",N12,0.0,1.0,1.0,4,172.689980176055,4993,4796,0.05555555555555555,0.004368946372101873,80,80
"[1964.6953288333439,2027.65], [-9.130300000000002,47.9387], [88.28619643505516,121.92911741128975], [51.4454696368113,101.7840696368113], [48.857211466625095,101.14385555256578], [-31.135744505723792,2.552405383321485], [2.8200000000000003,16.281497738285267], [418.2525002126445,813.8525002126446]","N2, N4, N8, N9, N10, N12, N13, N14",1.0,1.0,1.0,1,128.25,4956,4799,0.4444444444444444,0.0008767108404498261,4,4
"[42.0,100.0], [235.2886091130535,453.7886091130535], [4.501497738285267,11.18]","N1, N11, N13",1.0,1.0,1.0,1,121.5,4956,4799,0.16666666666666666,0.0008305681646366774,2,2
"[-7.050000000000001,7.46], [-291.53999999999996,1093.54], [1.1164799203861921,11.376479920386194], [-5.552103371642841,17.16120674986005], [27.131164673530076,43.25116467353007]","N0, N6, N13, N16, N17",1.0,1.0,1.0,1,166.85819170010944,4992,4802,0.2777777777777778,0.001142101223961081,23,23
"[-7.292448670799037,16.90405343240964], [12.536124999999995,55.337875], [-24.54382,24.54382], [1.9335639992846199,11.376479920386194], [-129.89999999999998,243.48405645077617], [0.29999999999999893,11.700000000000001]","N3, N4, N10, N13, N14, N15",1.0,0.512908935546875,0.875,1,147.32290330624,4992,4802,0.3333333333333333,0.0009751733574287321,14,16
"[-47.0,112.0], [-17.72,38.04], [6.6,16.8], [5.675619438740588,39.92751540041068]","N1, N12, N15, N17",0.0,0.8980486590667307,0.9787234042553191,1,193.11802229414,4993,4814,0.2222222222222222,0.0012646299906565878,46,47
"[3.5,18.375], [-50.78205,50.78205], [-115.5,157.25], [9.959999999999999,45.72], [-3.255,3.885]","N7, N8, N11, N12, N16",0.0,1.0,1.0,1,176.17277289771852,4993,4814,0.2777777777777778,0.0011503620905226153,52,52
"[-7.050000000000001,15.05], [1989.8,2034.2], [-5.25,7.539751831425402], [-43.7151,43.7151], [-2.269007325701611,11.18], [0.09524816857459673,8.075248168574596], [22.05854001755297,43.96520668421964]","N0, N2, N7, N9, N13, N16, N17",1.0,0.28462802079628785,0.7777777777777778,1,136.8768,4853,4815,0.3888888888888889,0.000935683230924622,7,9
"[42.0,143.0], [4.63,13.370000000000001], [0.28975183142540306,7.539751831425402], [-142.28574152129715,303.0746785744093], [-31.135744505723792,40.62425549427621], [0.09524816857459673,8.075248168574596]","N1, N3, N7, N11, N12, N16",1.0,0.5549289573066435,0.8888888888888888,2,118.63045318279168,4989,4815,0.3333333333333333,0.0016219041608238449,16,18
"[42.0,100.0], [51.4454696368113,101.7840696368113], [235.2886091130535,453.7886091130535]","N1, N9, N11",1.0,1.0,1.0,1,115.75,4956,4816,0.16666666666666666,0.000791261440795847,4,4
"[42.0,100.0], [-0.11702465143770002,7.6329753485623], [235.2886091130535,453.7886091130535], [2.8200000000000003,11.18], [418.2525002126445,813.8525002126446]","N1, N7, N11, N13, N14",1.0,1.0,1.0,1,130.66666666666666,4956,4816,0.2777777777777778,0.0008932310577162621,3,3
"[16.55,23.45], [15.720224999999992,55.72509279948884], [43.880480000000006,233.35351999999997], [3.625,23.125], [70.7504,119.9936], [9.959999999999999,38.04], [22.0923613963039,39.92751540041068]","N3, N4, N5, N7, N8, N12, N17",0.0,0.1,1.0,1,138.31212466176,4818,4818,0.3888888888888889,0.0009454950413770974,0,0
"[10.649999999999999,36.587393633457914], [-47.0,171.2458956914734], [-383.15999999999997,689.16], [-45.93058624670857,39.39929], [-6.930000000000001,6.930000000000001]","N0, N1, N6, N10, N16",0.0,0.818708915307767,0.9607843137254902,1,150.8395709450429,4993,4818,0.2777777777777778,0.0011232701377891343,49,51
"[-32.052989999999994,46.89411], [7.375,29.375], [-33.1175,33.1175], [9.959999999999999,60.72], [-172.0,172.0], [-3.255,3.255]","N5, N7, N9, N12, N14, N16",0.0,1.0,1.0,1,176.1906059542384,4993,4829,0.3333333333333333,0.001230132307210251,40,40
"[12.07,31.692441794269463], [28.459149999999998,72.21205], [-514.22,960.22], [-32.2945,32.2945], [6.6,13.4]","N0, N4, N6, N10, N15",0.0,1.0,1.0,1,202.96341993200335,4915,4829,0.2777777777777778,0.001369790405345354,25,25
"[-7.292448670799037,16.90405343240964], [-24.54382,24.54382], [1.1164799203861921,11.376479920386194], [-129.89999999999998,411.9], [27.131164673530076,43.25116467353007]","N3, N10, N13, N14, N17",1.0,1.0,1.0,1,165.41841920000002,4992,4843,0.2777777777777778,0.0011297984543838153,12,12
"[-19.20815,19.20815]",N9,0.0,0.12345944409741888,0.6581196581196581,1,144.71680252676083,4993,4844,0.05555555555555555,0.0009992773889690655,77,117
"[21.422274999999992,33.58722853881305], [-202.18000000000006,1004.1800000000001], [95.8584,143.5476], [232.1,515.9], [-6.930000000000001,9.094999999999999]","N4, N6, N9, N14, N16",0.0,1.0,1.0,1,80.0,4847,4847,0.2777777777777778,0.0005468761577854666,1,1
"[12.07,21.93], [-47.0,79.0], [-805.4898211212219,1426.39], [-22.284333753181468,25.8356], [9.959999999999999,60.72], [6.6,16.8]","N0, N1, N6, N10, N12, N15",0.0,1.0,1.0,1,206.29233111859202,4915,4851,0.3333333333333333,0.001405347088144781,16,16
"[40.0,143.0], [-462.05000000000007,990.0500000000001], [-19.18344369654093,21.376556303459072], [1.1164799203861921,11.376479920386194], [-135.30501141291046,217.29498858708956], [-4.8,6.8]","N1, N6, N12, N13, N14, N15",1.0,0.7241964340209961,0.9375,1,157.494235209728,4992,4853,0.3333333333333333,0.0010620867779121735,15,16
"[40.0,143.0], [-35.7669,35.7669], [1.1164799203861921,11.376479920386194], [-135.30501141291046,217.29498858708956], [-4.8,6.8], [27.131164673530076,43.25116467353007]","N1, N9, N13, N14, N15, N17",1.0,1.0,1.0,1,166.66688,4992,4853,0.3333333333333333,0.0011404664769689677,9,9
"[-60.430486637987826,191.21138000000002], [0.28975183142540306,7.539751831425402], [23.497829359074636,105.62922935907463], [-10.289905516197274,18.830094483802732], [-2.269007325701611,11.376479920386194], [-90.98719179054721,201.4128082094528], [-5.2922175670389775,0.09524816857459673]","N5, N7, N9, N12, N13, N14, N16",1.0,0.3276800000000001,0.8,1,78.4,4944,4854,0.3888888888888889,0.0005359386346297573,4,5
"[12.264619999999994,191.21138000000002], [0.28975183142540306,7.539751831425402], [47.789414523116406,112.3784145231164], [-10.289905516197274,18.830094483802732]","N5, N7, N10, N12",1.0,0.5549289573066435,0.8888888888888888,1,115.06262082256896,4956,4854,0.2222222222222222,0.0007865625497521568,16,18
"[18.0,100.0], [9.905,22.095], [-808.58,844.58], [107.57467857440929,303.0746785744093], [-31.135744505723792,2.552405383321485]","N1, N3, N6, N11, N12",1.0,0.2373046875,0.75,1,110.25,4954,4857,0.2777777777777778,0.0007536637049480961,3,4
"[9.959999999999999,60.72], [6.6,16.8]","N12, N15",0.0,1.0,1.0,1,193.69913331655385,4993,4859,0.1111111111111111,0.0012708369391562849,33,33
"[5.199999999999999,21.93], [-12.0,112.0], [-57.348275,-18.351124999999996], [37.603474999999996,129.333225], [-17.88345,17.88345], [-48.44175,48.44175], [-153.25,137.5], [-6.555000000000001,5.985], [-195.9,315.70000000000005], [1.9000000000000004,12.1], [15.258097193702943,43.36476386036961]","N0, N1, N4, N8, N9, N10, N11, N13, N14, N15, N17",0.0,1.0,1.0,1,122.0,4981,4862,0.6111111111111112,0.0008339861406228365,1,1
"[-22.999999999999996,112.0], [1998.83,2029.17], [21.422274999999992,73.735525], [-660.3900000000001,1733.4721529683075], [3.5,18.5], [-20.52,32.519999999999996], [-3.1350000000000002,3.1350000000000002], [-3.0999999999999996,7.1]","N1, N2, N4, N6, N7, N12, N13, N15",0.0,0.001903968584518355,0.2857142857142857,1,131.27283179519998,4937,4870,0.4444444444444444,0.00089737477342221,4,14
"[-383.15999999999997,689.16], [7.7,13.4]","N6, N15",0.0,0.8280335219957866,0.9629629629629629,1,200.33927945417093,4993,4873,0.1111111111111111,0.001341761501790543,26,27
"[-7.050000000000001,7.46], [40.0,148.0], [-45.85818999999999,45.85818999999999], [-2.0,24.0], [-4.8,6.8]","N0, N1, N10, N12, N15",1.0,0.3411077401491926,0.8064516129032258,1,137.94655756313168,4992,4874,0.2777777777777778,0.0008950530459590572,25,31
"[-7.050000000000001,7.46], [40.0,143.0], [-58.31030164213631,70.63662835786367], [-752.5600000000001,766.5600000000001], [-50.78205,50.78205], [-172.56183935437522,247.18816064562478], [27.198804277759415,46.62547094442608]","N0, N1, N5, N6, N8, N11, N17",1.0,1.0,1.0,1,161.52050176,4992,4874,0.3888888888888889,0.0010964909838689376,12,12
"[1977.76,2020.76], [-54.554719999999996,66.4975], [-382.99,666.99], [25.22286889456293,121.92911741128975], [48.857211466625095,136.6982514666251], [418.2525002126445,813.8525002126446]","N2, N5, N6, N8, N10, N14",1.0,1.0,1.0,1,122.0,4956,4884,0.3333333333333333,0.0008339861406228365,1,1
"[-7.050000000000001,7.46], [-39.741,39.741], [1.1164799203861921,11.376479920386194]","N0, N9, N13",1.0,0.3666478320532007,0.8181818181818182,1,151.7811968,4992,4889,0.16666666666666666,0.0010132692076810354,9,11
"[42.0,100.0], [9.065,24.705], [-47.482350000000004,0.07515000000000072], [74.91760724102508,101.7840696368113], [4.941550269788937,17.14241048500342]","N1, N3, N4, N9, N13",1.0,0.1,1.0,1,71.0,4890,4890,0.2777777777777778,0.0004853525900346016,0,0
"[38.26898901891919,147.52733901891918], [235.2886091130535,453.7886091130535], [-31.135744505723792,2.552405383321485], [426.2195187482106,813.8525002126446], [5.869583792860218,14.899583792860216], [15.00247584250895,35.25580917584228]","N8, N11, N12, N14, N16, N17",0,0.0,0.0,1,164.0,4890,4890,0.3333333333333333,0.0011210961234602065,0,1
"[-47.0,112.0], [9.959999999999999,38.04], [-5.985,6.935], [7.8,14.2]","N1, N12, N13, N15",0.0,1.0,1.0,1,198.82841628573098,4993,4895,0.2222222222222222,0.0013256237079527302,24,24
"[3.5,18.375], [78.06500748807622,129.333225], [-115.5,157.25], [9.959999999999999,38.04], [-107.5,315.70000000000005], [5.675619438740588,39.92751540041068]","N7, N8, N11, N12, N14, N17",0.0,1.0,1.0,1,140.33333333333334,4981,4895,0.3333333333333333,0.0009593119267820061,3,3
"[-47.0,112.0], [-34.4422,34.4422], [-67.375,114.125], [-5.985,6.935]","N1, N9, N11, N13",0.0,0.08123088727470104,0.6052631578947368,1,144.71689177412816,4993,4900,0.2222222222222222,0.0009992797162804543,46,76
"[12.07,21.93], [-21.31437,21.31437], [-110.125,99.375], [9.959999999999999,52.2], [5.675619438740588,39.92751540041068]","N0, N10, N11, N12, N17",0.0,1.0,1.0,1,182.51973721768593,4981,4900,0.2777777777777778,0.0011923360518918714,20,20
"[42.0,143.0], [4.63,13.370000000000001], [0.28975183142540306,7.539751831425402], [-142.28574152129715,303.0746785744093], [-31.135744505723792,40.62425549427621], [39.32860864403453,271.52860864403453], [0.09524816857459673,8.075248168574596]","N1, N3, N7, N11, N12, N14, N16",1.0,0.28462802079628785,0.7777777777777778,1,116.86464,4989,4907,0.3888888888888889,0.0007988810663022718,7,9
"[-47.0,112.0], [-383.15999999999997,689.16], [7.7,14.2]","N1, N6, N15",0.0,0.7241964340209961,0.9375,1,200.239952216064,4993,4915,0.16666666666666666,0.0013407005701823525,15,16
"[9.959999999999999,38.04], [-5.985,6.935], [-5.25,5.25]","N12, N13, N16",0.0,1.0,1.0,2,172.6949182764374,4993,4915,0.16666666666666666,0.002184638013282619,34,34
"[3.295,17.164748144088378], [-17.92,52.2], [-277.70000000000005,283.8], [-3.255,3.255]","N3, N12, N14, N16",0.0,0.13168724279835387,0.6666666666666666,1,164.29196056753148,4993,4916,0.2222222222222222,0.000952079223136664,30,45
"[-47.0,112.0], [2012.16,2043.53], [15.720224999999992,66.821425], [-78.65603499999999,124.339705], [78.06500748807622,129.333225], [-19.04,52.2], [-107.5,266.1], [1.9000000000000004,12.1], [19.112005475701572,37.29867214236824]","N1, N2, N4, N5, N8, N12, N14, N15, N17",0.0,0.03125,0.5,1,112.25,4937,4916,0.5,0.0007673356088927328,2,4
"[-7.050000000000001,15.05], [42.0,143.0], [-3.5199999999999996,7.52], [10.920024999999988,76.549375], [-551.5,565.5], [-162.82341930672527,242.355389028219], [-31.135744505723792,2.552405383321485], [-2.51916389414835,3.7508361058516506], [-0.3322040268352402,6.867795973164759], [0.09524816857459673,8.075248168574596], [22.05854001755297,26.95238801864517]","N0, N1, N3, N4, N6, N11, N12, N13, N15, N16, N17",1.0,0.08431039391462619,0.9664429530201343,1,151.35541864444184,4921,4921,0.6111111111111112,0.001034658372603539,0,0
"[-7.050000000000001,15.05], [42.0,143.0], [-3.5199999999999996,7.52], [-31.135744505723792,2.552405383321485], [0.09524816857459673,8.075248168574596]","N0, N1, N3, N12, N16",0,0.0,0.0,1,144.24,4921,4921,0.2777777777777778,0.0009860177124871963,0,6
"[-7.050000000000001,15.05], [42.0,143.0], [-58.31030164213631,70.63662835786367], [-50.78205,50.78205], [-162.82341930672527,247.18816064562478], [27.198804277759415,46.62547094442608]","N0, N1, N5, N8, N11, N17",1.0,0.06092699470458736,0.5714285714285714,1,160.9006655488,4992,4934,0.3333333333333333,0.0011038549119590283,8,14
"[40.0,143.0], [-752.5600000000001,766.5600000000001], [-35.10455,35.10455], [-172.56183935437522,149.989353308666], [-15.400000000000002,18.50850948915253], [-5.826641217785193,6.333358782214807], [-5.5,9.5], [0.09524816857459673,8.075248168574596]","N1, N6, N9, N11, N12, N13, N15, N16",1.0,0.401877572016461,0.8333333333333334,1,146.94967808,4992,4934,0.4444444444444444,0.0009719841702769393,10,12
"[-1.3500000000000014,17.35], [-47.0,35.0], [7.25975,62.42645], [64.70511499999999,225.230885], [-692.22,782.22], [36.03294999999999,119.48904999999999], [-9.560000000000002,45.56], [-3.1350000000000002,5.89], [-7.56,3.6750000000000003], [11.938658453114309,36.49184120465434]","N0, N1, N4, N5, N6, N9, N12, N13, N16, N17",0.0,0.1,1.0,1,93.764192768,4935,4935,0.5555555555555556,0.0006409675184852459,0,0
"[-1.3500000000000014,17.35], [-47.0,35.0], [64.70511499999999,225.230885], [36.03294999999999,119.48904999999999], [-9.560000000000002,45.56], [-3.1350000000000002,5.89], [-7.56,3.6750000000000003]","N0, N1, N5, N9, N12, N13, N16",0.0,0.1,1.0,1,93.764192768,4935,4935,0.3888888888888889,0.0006409675184852459,0,0
"[12.07,29.35], [2012.16,2035.84], [3.295,17.164748144088378], [-78.65603499999999,108.185435], [-35.52395,27.77327], [-153.25,157.25], [-17.92,52.2], [-6.935,6.935], [-171.3,267.3], [22.0923613963039,57.1568925393566]","N0, N2, N3, N5, N10, N11, N12, N13, N14, N17",0.0,0.1,1.0,1,198.69813218460305,4937,4937,0.5555555555555556,0.001358290888603306,0,0
"[12.07,21.93], [-989.9320958043011,1426.39], [-228.50000000000003,244.50000000000003], [-7.77,7.77]","N0, N6, N14, N16",0.0,1.0,1.0,1,175.64259196928,4981,4937,0.2222222222222222,0.0011005160623903869,15,15
"[-0.11702465143770002,7.6329753485623], [51.4454696368113,101.7840696368113], [235.2886091130535,453.7886091130535], [2.8200000000000003,11.18], [418.2525002126445,813.8525002126446]","N7, N9, N11, N13, N14",1.0,1.0,1.0,1,143.0,4956,4941,0.2777777777777778,0.0009775411320415216,2,2
"[18.0,100.0], [1977.76,2047.9], [75.167525,167.272475], [0.28975183142540306,7.539751831425402], [49.183035557287354,124.69093555728736], [16.31967721263864,53.74219556398948]","N1, N2, N5, N7, N9, N17",1.0,1.0,1.0,1,164.0,4944,4944,0.3333333333333333,0.0011210961234602065,1,1
"[-7.050000000000001,15.05], [18.0,100.0], [-674.54,801.561497501853], [48.857211466625095,136.6982514666251], [-31.135744505723792,2.552405383321485], [-2.425621992438726,2.5143780075612745], [-2.9000000000000004,4.9]","N0, N1, N6, N10, N12, N13, N15",1.0,1.0,1.0,1,139.5,4944,4944,0.3888888888888889,0.0009536153001384074,2,2
"[12.07,29.35], [-21.31437,21.31437], [-86.25,99.375], [9.959999999999999,60.72], [-3.6750000000000003,3.6750000000000003], [5.675619438740588,57.1568925393566]","N0, N10, N11, N12, N16, N17",0.0,1.0,1.0,1,190.3165952,4981,4945,0.3333333333333333,0.001296435557169383,11,11
"[-35.592975,-11.814225], [-183.60279,11.133389999999991], [7.0,15.0], [-110.125,86.25], [9.959999999999999,52.2], [-5.32,5.32]","N4, N5, N7, N11, N12, N13",0.0,1.0,1.0,1,88.0,4945,4945,0.3333333333333333,0.0006015637735640132,1,1
"[-6.539999999999999,14.54], [-4.0,120.0], [1989.8,2034.2], [-1.83,7.83], [-341.27,351.27], [-5.25,7.539751831425402], [38.42639137973566,116.90774137973565], [58.89368055883375,93.77174055883376], [-142.28574152129715,303.0746785744093], [-4.8,6.8]","N0, N1, N2, N3, N6, N7, N8, N10, N11, N15",0,0.0,0.0,1,77.0,4948,4948,0.5555555555555556,0.0005263683018685116,0,2
"[-7.050000000000001,7.46], [-14.0,94.0], [1996.1,2047.9], [0.28975183142540306,7.539751831425402], [62.1914485523601,156.2451485523601], [-31.135744505723792,2.552405383321485], [0.09524816857459673,8.075248168574596]","N0, N1, N2, N7, N9, N12, N16",1.0,1.0,1.0,1,107.0,4954,4954,0.3888888888888889,0.0007314468610380616,1,1
"[-7.050000000000001,7.46], [-808.58,844.58], [0.28975183142540306,7.539751831425402], [217.65404395420967,813.8525002126446]","N0, N6, N7, N14",1.0,1.0,1.0,1,143.0,4956,4954,0.2222222222222222,0.0009775411320415216,2,2
"[6.58,15.42], [-383.15999999999997,689.16], [10.625,29.375]","N0, N6, N7",0.0,0.2693290743429045,0.7692307692307693,1,149.242013184,4993,4955,0.16666666666666666,0.000992943527149762,10,13
"[-383.15999999999997,1426.39], [-51.765935259664566,33.1175], [-19.04,60.72], [3.0,18.3], [-5.565,5.565]","N6, N9, N12, N15, N16",0.0,0.21208362139917689,0.7333333333333333,1,166.16041619456,4993,4965,0.2777777777777778,0.0009832625066541806,11,15
"[-383.15999999999997,1426.39], [-33.1175,33.1175], [-19.04,60.72], [3.0,18.3]","N6, N9, N12, N15",0.0,0.21208362139917689,0.7333333333333333,1,166.16041619456,4993,4965,0.2222222222222222,0.0009832625066541806,11,15
"[1996.1,2047.9], [-752.5600000000001,766.5600000000001], [-172.56183935437522,149.989353308666], [-5.826641217785193,11.376479920386194], [0.09524816857459673,1.5606327253252372]","N2, N6, N11, N13, N16",1.0,1.0,1.0,1,98.66666666666667,4989,4966,0.2777777777777778,0.0006744805946020755,3,3
"[-7.050000000000001,15.05], [18.0,143.0], [75.167525,191.21138000000002], [-35.10455,35.10455], [-31.135744505723792,18.50850948915253], [-2.269007325701611,6.333358782214807], [-5.5,9.5], [0.09524816857459673,8.075248168574596]","N0, N1, N5, N9, N12, N13, N15, N16",1.0,0.0,0.0,1,100.0,4966,4966,0.4444444444444444,0.0006835951972318332,0,1
"[23.28,44.36], [-6.935,5.32], [-138.6,222.6], [-3.255,7.665]","N12, N13, N14, N16",0.0,1.0,1.0,1,168.0,4993,4969,0.2222222222222222,0.0010390646997923865,3,3
"[-514.22,960.22], [-186.875,186.875], [23.28,60.72]","N6, N11, N12",0.0,1.0,1.0,1,168.0,4993,4969,0.16666666666666666,0.0010390646997923865,3,3
"[-7.050000000000001,7.46], [40.0,143.0], [12.536124999999995,55.337875], [-752.5600000000001,766.5600000000001], [-35.10455,35.10455], [-5.826641217785193,6.333358782214807], [-5.552103371642841,8.075248168574596], [27.131164673530076,43.25116467353007]","N0, N1, N4, N6, N9, N13, N16, N17",1.0,0.2373046875,0.75,1,149.5,4992,4971,0.4444444444444444,0.00098437708401384,3,4
"[40.0,148.0], [-7.292448670799037,16.90405343240964], [-41.54895,41.54895], [-172.56183935437522,149.989353308666], [-15.400000000000002,18.50850948915253], [-5.5,9.5], [0.09524816857459673,17.16120674986005], [20.083286748784204,36.616620082117535]","N1, N3, N8, N11, N12, N15, N16, N17",1.0,1.0,1.0,1,149.6,4992,4971,0.4444444444444444,0.0009946310119723174,5,5
"[-47.0,29.000000000000004], [-47.297644999999996,65.859865], [-52.3209,52.3209], [-20.53285,20.53285], [-86.25,86.25], [-6.935,5.32], [-239.39999999999998,259.4], [-3.255,3.255]","N1, N5, N8, N9, N11, N13, N14, N16",0.0,0.401877572016461,0.8333333333333334,1,148.64000000000001,4979,4979,0.4444444444444444,0.0010971702915570924,5,6
"[-47.297644999999996,65.859865], [-52.3209,52.3209], [-86.25,86.25], [-6.935,5.32], [-239.39999999999998,259.4], [-3.255,3.255]","N5, N8, N11, N13, N14, N16",0.0,0.20346349914002398,0.7272727272727273,1,141.35280640000002,4993,4979,0.3333333333333333,0.0010498928477165389,8,11
"[-53.18925,33.58722853881305]",N4,0.0,0.004115226337448558,0.3333333333333333,1,103.33333333333333,4987,4981,0.05555555555555555,0.0007063817038062277,1,3
"[40.0,143.0], [1943.95,1992.05], [-35.7669,35.7669], [1.1164799203861921,11.376479920386194], [-286.5034291894282,217.29498858708956], [-4.8,6.8], [27.131164673530076,43.25116467353007]","N1, N2, N9, N13, N14, N15, N17",1.0,1.0,1.0,1,157.5,4982,4982,0.3888888888888889,0.0010185568438754314,2,2
"[16.55,23.45], [1.75,23.125], [-30.4681,30.4681], [-39.39929,39.39929], [22.09850787132101,35.32517453798768]","N3, N7, N9, N10, N17",0.0,0.04994827458809231,0.8703703703703703,1,114.03581153063402,4987,4987,0.2777777777777778,0.0007795433307477593,0,0
"[16.55,23.45], [68.5886,173.8514], [1.75,23.125], [-39.39929,39.39929], [22.09850787132101,35.32517453798768]","N3, N5, N7, N10, N17",1,0.04994827458809231,0.8703703703703703,1,114.03581153063402,4987,4987,0.2777777777777778,0.0007795433307477593,0,0
"[-7.050000000000001,15.05], [40.0,143.0], [3.17,7.52], [-58.31030164213631,70.63662835786367], [29.30000000000001,278.7], [-0.3322040268352402,6.867795973164759], [22.05854001755297,43.96520668421964]","N0, N1, N3, N5, N14, N15, N17",1.0,0.0839073812978493,0.9655172413793104,1,135.95825209697358,4989,4989,0.3888888888888889,0.0009294040815752596,0,0
"[-7.050000000000001,15.05], [40.0,143.0], [3.17,7.52], [-58.31030164213631,70.63662835786367], [-253.42000000000002,327.42], [-0.3322040268352402,6.867795973164759], [0.09524816857459673,8.075248168574596], [22.05854001755297,43.96520668421964]","N0, N1, N3, N5, N6, N15, N16, N17",1.0,0.0839073812978493,0.9655172413793104,1,135.95825209697358,4989,4989,0.4444444444444444,0.0009294040815752596,0,0
"[40.0,143.0], [17.14694999999999,83.72745], [-50.78205,50.78205], [-30.356830000000002,30.356830000000002], [-21.71441852921211,287.8855814707879], [27.131164673530076,46.62547094442608]","N1, N4, N8, N10, N14, N17",1.0,0.0003200000000000001,0.2,1,175.2,4992,4992,0.3333333333333333,0.0013535184905190299,1,5
"[-7.050000000000001,7.46], [-7.292448670799037,16.90405343240964], [-58.31030164213631,70.63662835786367], [-752.5600000000001,766.5600000000001], [-24.54382,24.54382], [-172.56183935437522,247.18816064562478], [1.1164799203861921,11.376479920386194], [-129.89999999999998,411.9], [27.198804277759415,43.25116467353007]","N0, N3, N5, N6, N10, N11, N13, N14, N17",1.0,1.0,1.0,1,166.0,4992,4992,0.5,0.0010964909838689376,1,1
"[-55.0,112.0], [15.720224999999992,83.301175], [-33.1175,33.1175], [3.0,13.804003156778705]","N1, N4, N9, N15",0.0,1.0,1.0,1,157.0,4993,4993,0.2222222222222222,0.0010223278119189062,5,5
